timestamp,event,v1_totalRevenueUSD_or_spendUSD_or_reason,v2_reserveUSD_or_spendStEth,budgetDeltaUSD,budgetUSD
2026-08-21T13:12:47.000000Z,AllocationSkipped,1,,,
2026-08-21T13:12:47.000000Z,Checkpoint,565371.8784103538,1315068.0,-374848.0607948231,-374848.0607948231
2026-08-21T13:13:11.000000Z,AllocationSkipped,1,,,
2026-08-21T13:13:11.000000Z,Checkpoint,565371.8784103538,0.0,0.0,-374848.0607948231
2026-08-24T11:21:35.000000Z,AllocationSkipped,1,,,
2026-08-24T11:21:35.000000Z,Checkpoint,766866.0230256879,328767.0,-63636.42769233296,-438484.48848715605
2026-08-31T09:21:11.000000Z,AllocationSkipped,1,,,
2026-08-31T09:21:11.000000Z,Checkpoint,1467130.462053072,767123.0,-33429.28048630808,-471913.76897346415
2026-09-01T10:19:11.000000Z,AllocationSkipped,1,,,
2026-09-01T10:19:11.000000Z,Checkpoint,1568573.105233199,109589.0,-4073.1784099364177,-475986.9473834005
2026-09-02T13:50:47.000000Z,AllocationSkipped,1,,,
2026-09-02T13:50:47.000000Z,Checkpoint,1762587.211278813,109589.0,42212.553022807064,-433774.39436059346
2026-09-03T00:15:35.000000Z,AllocationSkipped,1,,,
2026-09-03T00:15:35.000000Z,Checkpoint,1762587.211278813,109589.0,-54794.5,-488568.89436059346
2026-09-04T00:15:35.000000Z,AllocationSkipped,1,,,
2026-09-04T00:15:35.000000Z,Checkpoint,1858771.1137159474,109589.0,-6702.548781432875,-495271.4431420264
2026-09-05T00:10:35.000000Z,AllocationSkipped,1,,,
2026-09-05T00:10:35.000000Z,Checkpoint,1959176.1890126306,109589.0,-4591.962351658326,-499863.40549368464
2026-09-06T00:05:35.000000Z,AllocationSkipped,1,,,
2026-09-06T00:05:35.000000Z,Checkpoint,2058810.8052103007,109589.0,-4977.191901164933,-504840.5973948496
2026-09-07T00:00:35.000000Z,AllocationSkipped,1,,,
2026-09-07T00:00:35.000000Z,Checkpoint,2160577.4196349042,109589.0,-3911.1927876981827,-508751.79018254776
2026-09-08T01:00:35.000000Z,AllocationSkipped,1,,,
2026-09-08T01:00:35.000000Z,Checkpoint,2262451.719223173,109589.0,-3857.350205865749,-512609.1403884135
2026-09-09T00:00:35.000000Z,AllocationSkipped,1,,,
2026-09-09T00:00:35.000000Z,Checkpoint,2363210.755944285,109589.0,-4414.981639443868,-517024.1220278574
2026-09-10T00:55:35.000000Z,AllocationSkipped,1,,,
2026-09-10T00:55:35.000000Z,Checkpoint,2469383.493063524,109589.0,-1708.1314403806507,-518732.25346823805
2026-09-11T00:05:47.000000Z,AllocationSkipped,1,,,
2026-09-11T00:05:47.000000Z,Checkpoint,2569038.3723361897,109589.0,-4967.060363667149,-523699.3138319052
2026-09-12T00:15:35.000000Z,AllocationSkipped,1,,,
2026-09-12T00:15:35.000000Z,Checkpoint,2669589.183059655,109589.0,-4519.094638267316,-528218.4084701726
2026-09-13T00:15:35.000000Z,AllocationSkipped,1,,,
2026-09-13T00:15:35.000000Z,Checkpoint,2776608.612452263,109589.0,-1284.7853036958838,-529503.1937738684
2026-09-14T00:30:35.000000Z,AllocationSkipped,1,,,
2026-09-14T00:30:35.000000Z,Checkpoint,2877186.4524433445,109589.0,-4505.580004459337,-534008.7737783277
2026-09-15T00:45:35.000000Z,AllocationSkipped,1,,,
2026-09-15T00:45:35.000000Z,Checkpoint,2978682.7518316223,109589.0,-4046.3503058609936,-538055.1240841887
2026-09-16T00:55:35.000000Z,AllocationSkipped,1,,,
2026-09-16T00:55:35.000000Z,Checkpoint,3082919.3009874127,109589.0,-2676.2254221048584,-540731.3495062935
2026-09-17T00:55:35.000000Z,AllocationSkipped,1,,,
2026-09-17T00:55:35.000000Z,Checkpoint,3182555.677363832,109589.0,-4976.311811790564,-545707.6613180841
2026-09-18T00:05:35.000000Z,AllocationSkipped,1,,,
2026-09-18T00:05:35.000000Z,Checkpoint,3284407.9118308774,109589.0,-3868.3827664770665,-549576.0440845612
2026-09-19T00:00:35.000000Z,AllocationSkipped,1,,,
2026-09-19T00:00:35.000000Z,Checkpoint,3387931.06807946,109589.0,-3032.921875708965,-552608.9659602701
2026-09-20T00:20:35.000000Z,AllocationSkipped,1,,,
2026-09-20T00:20:35.000000Z,Checkpoint,3497276.629781748,109589.0,-121.71914885560163,-552730.6851091258
2026-09-21T00:25:47.000000Z,AllocationSkipped,1,,,
2026-09-21T00:25:47.000000Z,Checkpoint,3602980.339766675,109589.0,-1942.6450075366647,-554673.3301166624
