date,eth_usd,ldo_usd,ldo_eth_ratio
2024-01-01,2281.59,2.64,0.001157
2024-01-02,2350.09,2.92,0.001243
2024-01-03,2356.16,2.87,0.001218
2024-01-04,2211.56,3.13,0.001415
2024-01-05,2267.13,3.54,0.001561
2024-01-07,2242.18,2.94,0.001311
2024-01-09,2333.59,3.63,0.001556
2024-01-11,2620.86,3.79,0.001446
2024-01-13,2521.89,3.48,0.00138
2024-01-14,2577.53,3.3532,0.001301
2024-01-15,2512.71,3.2358,0.001288
2024-01-16,2588.58,3.25,0.001256
2024-01-17,2529.16,3.2,0.001265
2024-01-18,2467.23,3.02,0.001224
2024-01-20,2490.65,2.88,0.001156
2024-01-24,2233.98,2.69,0.001204
2024-01-26,2268.87,2.98,0.001313
2024-01-27,2267.91,3.08,0.001358
2024-01-28,2257.05,3.15,0.001396
2024-01-30,2316.96,3.03,0.001308
2024-01-31,2282.49,2.83,0.00124
2024-02-03,2307.46,2.82,0.001222
2024-02-04,2288.31,2.67,0.001167
2024-02-06,2372.61,2.685,0.001132
2024-02-07,2425.51,2.9,0.001196
2024-02-09,2419.29,2.98,0.001232
2024-02-10,2488.38,2.96,0.00119
2024-02-12,2657.99,2.88,0.001084
2024-02-14,2779.63,3.29,0.001184
2024-02-16,2805.35,3.2459,0.001157
2024-02-18,2875.23,3.33,0.001158
2024-02-20,3015.7,3.25,0.001078
2024-02-22,2974.1,3.07,0.001032
2024-02-23,2921.63,3.09,0.001058
2024-02-25,2991.35,3.29,0.0011
2024-02-26,3111.31,3.63,0.001167
2024-02-28,3244.73,3.47,0.001069
2024-02-29,3379.84,3.42,0.001012
2024-03-01,3341.66,3.36,0.001005
2024-03-03,3420.81,3.44,0.001006
2024-03-04,3491.9,3.32,0.000951
2024-03-05,3635.85,3.29,0.000905
2024-03-06,3553.14,3.11,0.000875
2024-03-07,3867.01,3.4,0.000879
2024-03-10,3914.68,3.37,0.000861
2024-03-11,3887.9,3.38,0.000869
2024-03-13,4006.83,3.43,0.000856
2024-03-16,3736.06,2.94,0.000787
2024-03-17,3644.11,2.72,0.000746
2024-03-18,3520.56,2.72,0.000773
2024-03-20,3515.49,2.61,0.000742
2024-03-21,3490.58,2.86,0.000819
2024-03-22,3325.53,2.74,0.000824
2024-03-24,3336.61,3.14,0.000941
2024-03-25,3589.22,3.31,0.000922
2024-03-26,3588.73,3.13,0.000872
2024-03-27,3505.4,2.96,0.000844
2024-03-29,3561.58,2.89,0.000811
2024-03-30,3514.21,2.8,0.000797
2024-03-31,3507.25,2.7843,0.000794
2024-04-01,3649.64,2.96,0.000811
2024-04-02,3503.98,2.84,0.000811
2024-04-03,3276.03,2.5991,0.000793
2024-04-04,3310.16,2.5637,0.000775
2024-04-07,3355.71,2.5373,0.000756
2024-04-08,3452.77,2.6989,0.000782
2024-04-09,3694.47,2.95,0.000798
2024-04-10,3503.76,2.68,0.000765
2024-04-11,3543.6,2.6216,0.00074
2024-04-12,3504.12,2.5545,0.000729
2024-04-13,3242.63,2.1177,0.000653
2024-04-14,3006.37,1.8453,0.000614
2024-04-15,3154.16,2.11,0.000669
2024-04-16,3100.07,2.045,0.00066
2024-04-17,3086.78,2.0078,0.00065
2024-04-18,2982.74,1.8941,0.000635
2024-04-19,3066.62,1.99,0.000649
2024-04-20,3057.65,1.99,0.000651
2024-04-21,3157.08,2.11,0.000668
2024-04-22,3146.65,2.0837,0.000662
2024-04-23,3200.82,2.15,0.000672
2024-04-24,3220.5,2.1072,0.000654
2024-04-25,3139.08,2.0079,0.00064
2024-04-26,3156.82,2.03,0.000643
2024-04-27,3130.31,1.9476,0.000622
2024-04-28,3251.48,2.054,0.000632
2024-04-29,3263.76,2.1273,0.000652
2024-04-30,3215.4,2.197,0.000683
2024-05-01,3010.01,1.8748,0.000623
2024-05-02,2973.68,1.9456,0.000654
2024-05-03,2986.52,1.9733,0.000661
2024-05-04,3103.34,2.13,0.000686
2024-05-05,3117.96,2.0676,0.000663
2024-05-06,3135.93,2.02,0.000644
2024-05-07,3010.31,1.97,0.000654
2024-05-08,2974.19,1.86,0.000625
2024-05-09,3036.7,1.9,0.000626
2024-05-14,2949.93,1.66,0.000563
2024-05-15,2880.78,1.6007,0.000556
2024-05-16,3035.85,1.6628,0.000548
2024-05-17,2944.04,1.648,0.00056
2024-05-18,3095.39,1.7933,0.000579
2024-05-19,3122.66,1.77,0.000567
2024-05-20,3071.86,1.7265,0.000562
2024-05-21,3661.56,2.1,0.000574
2024-05-22,3788.62,2.22,0.000586
2024-05-23,3739.31,2.09,0.000559
2024-05-24,3777.17,2.14,0.000567
2024-05-25,3726.53,2.36,0.000633
2024-05-26,3751.23,2.43,0.000648
2024-05-27,3825.67,2.57,0.000672
2024-05-28,3893.78,2.49,0.000639
2024-05-29,3840.99,2.35,0.000612
2024-05-30,3763.48,2.31,0.000614
2024-05-31,3747.64,2.39,0.000638
2024-06-01,3760.16,2.5346,0.000674
2024-06-02,3814.12,2.44,0.00064
2024-06-03,3780.79,2.35,0.000622
2024-06-04,3766.86,2.301,0.000611
2024-06-05,3810.79,2.33,0.000611
2024-06-06,3863.41,2.27,0.000588
2024-06-07,3812.04,2.19,0.000574
2024-06-08,3678.13,2.0291,0.000552
2024-06-09,3682.02,1.93,0.000524
2024-06-10,3705.99,1.8789,0.000507
2024-06-11,3667.7,1.87,0.00051
2024-06-12,3496.52,1.83,0.000523
2024-06-13,3560.15,2.0001,0.000562
2024-06-14,3468.44,1.86,0.000536
2024-06-15,3479.73,1.98,0.000569
2024-06-16,3565.59,2.07,0.000581
2024-06-17,3620.71,2.15,0.000594
2024-06-18,3509.86,1.9837,0.000565
2024-06-19,3481.49,2.18,0.000626
2024-06-20,3558.26,2.3302,0.000655
2024-06-21,3510.02,2.317,0.00066
2024-06-22,3517.33,2.26,0.000643
2024-06-23,3495.38,2.15,0.000615
2024-06-24,3415.71,2.0699,0.000606
2024-06-25,3349.7,2.3803,0.000711
2024-06-26,3395.48,2.33,0.000686
2024-06-27,3369.35,2.4303,0.000721
2024-06-28,3446.07,2.34,0.000679
2024-06-29,3373.61,1.8737,0.000555
2024-06-30,3373.0,1.9195,0.000569
2024-07-01,3432.95,1.97,0.000574
2024-07-02,3441.1,2.01,0.000584
2024-07-03,3416.73,1.91,0.000559
2024-07-04,3291.12,1.72,0.000523
2024-07-05,3053.44,1.61,0.000527
2024-07-06,2979.24,1.58,0.00053
2024-07-07,3071.35,1.63,0.000531
2024-07-08,2928.69,1.5619,0.000533
2024-07-09,3019.44,1.5668,0.000519
2024-07-10,3065.33,1.5893,0.000518
2024-07-11,3102.93,1.69,0.000545
2024-07-12,3099.51,1.58,0.00051
2024-07-13,3133.98,1.7,0.000542
2024-07-14,3177.55,1.66,0.000522
2024-07-15,3238.35,1.75,0.00054
2024-07-16,3489.55,1.8179,0.000521
2024-07-17,3444.27,1.83,0.000531
2024-07-18,3388.23,1.9379,0.000572
2024-07-19,3426.4,1.92,0.00056
2024-07-20,3506.06,1.96,0.000559
2024-07-21,3518.07,1.93,0.000549
2024-07-22,3537.38,1.94,0.000548
2024-07-23,3440.14,1.7872,0.00052
2024-07-24,3482.12,1.7574,0.000505
2024-07-25,3336.53,1.6264,0.000487
2024-07-26,3175,1.52,0.000479
2024-07-27,3276.34,1.5735,0.00048
2024-07-28,3244.01,1.6293,0.000502
2024-07-29,3271.44,1.5749,0.000481
2024-07-30,3319.98,1.61,0.000485
2024-07-31,3278.32,1.58,0.000482
2024-08-01,3229.41,1.61,0.000499
2024-08-02,3201.4,1.56,0.000487
2024-08-03,2988.03,1.45,0.000485
2024-08-04,2901.99,1.2994,0.000448
2024-08-05,2690.13,1.22,0.000454
2024-08-06,2419.84,1.12,0.000463
2024-08-07,2458.71,1.0074,0.00041
2024-08-09,2601.09,1.099,0.000423
2024-08-10,2609.87,1.1,0.000421
2024-08-12,2724.29,1.09,0.0004
2024-08-14,2663.52,1.07,0.000402
2024-08-15,2568.24,1.001,0.00039
2024-08-16,2592.83,1.006,0.000388
2024-08-18,2615.25,1.057,0.000404
2024-08-19,2613.2,1.052,0.000403
2024-08-20,2635.48,1.093,0.000415
2024-08-21,2572.26,1.11,0.000432
2024-08-22,2631.33,1.12,0.000426
2024-08-24,2764.01,1.2943,0.000468
2024-08-29,2528.77,1.058,0.000418
2024-08-31,2525.48,1.069,0.000423
2024-09-01,2428.58,1.004,0.000413
2024-09-05,2367.99,0.9654,0.000408
2024-09-07,2274,0.9138,0.000402
2024-09-08,2297.66,0.9448,0.000411
2024-09-09,2357.64,1.005,0.000426
2024-09-11,2340.1,1.01,0.000432
2024-09-12,2361.93,1.036,0.000439
2024-09-15,2321.32,0.9953,0.000429
2024-09-16,2294.49,0.9734,0.000424
2024-09-17,2342.06,0.9894,0.000422
2024-09-18,2372.43,1.034,0.000436
2024-09-20,2464,1.047,0.000425
2024-09-21,2613.71,1.15,0.00044
2024-09-24,2653.49,1.26,0.000475
2024-09-26,2633.19,1.25,0.000475
2024-09-29,2658.56,1.33,0.0005
2024-09-30,2603.64,1.33,0.000511
2024-10-01,2448.64,1.28,0.000523
2024-10-02,2365.63,1.038,0.000439
2024-10-03,2348.98,1.021,0.000435
2024-10-04,2414.31,1.055,0.000437
2024-10-05,2415.86,1.052,0.000435
2024-10-07,2421.08,1.07,0.000442
2024-10-09,2367.51,1.029,0.000435
2024-10-10,2384.52,1.034,0.000434
2024-10-11,2436.39,1.073,0.00044
2024-10-12,2476.34,1.078,0.000435
2024-10-14,2628.9,1.19,0.000453
2024-10-15,2605.87,1.14,0.000437
2024-10-17,2603.75,1.085,0.000417
2024-10-19,2648.1,1.14,0.00043
2024-10-20,2747.04,1.21,0.00044
2024-10-22,2664.08,1.16,0.000435
2024-10-23,2620.69,1.14,0.000435
2024-10-24,2534.31,1.1,0.000434
2024-10-25,2431.32,1.003,0.000413
2024-10-26,2480.1,1.015,0.000409
2024-10-27,2505.24,1.036,0.000414
2024-10-28,2566.75,1.044,0.000407
2024-10-30,2636.52,1.086,0.000412
2024-10-31,2513.8,1.039,0.000413
2024-11-02,2491.24,1.03,0.000413
2024-11-04,2396.66,0.9369,0.000391
2024-11-06,2721.05,1.34,0.000492
2024-11-07,2894.96,1.28,0.000442
2024-11-08,2962.62,1.28,0.000432
2024-11-10,3192.06,1.29,0.000404
2024-11-11,3376.06,1.3,0.000385
2024-11-14,3055.55,1.12,0.000367
2024-11-17,3075.23,1.16,0.000377
2024-11-20,3076.62,1.12,0.000364
2024-11-21,3362.27,1.22,0.000363
2024-11-22,3331.96,1.26,0.000378
2024-11-23,3399.8,1.36,0.0004
2024-11-26,3326.58,1.65,0.000496
2024-11-27,3662.19,1.8,0.000492
2024-11-29,3579.18,1.71,0.000478
2024-11-30,3597.28,1.83,0.000509
2024-12-01,3707.54,1.82,0.000491
2024-12-02,3645.3,1.85,0.000508
2024-12-03,3621.33,2.02,0.000558
2024-12-05,3835.61,2.05,0.000534
2024-12-07,4004.04,2.17,0.000542
2024-12-09,3717.31,1.84,0.000495
2024-12-11,3831.6,1.84,0.00048
2024-12-12,3881.66,1.91,0.000492
2024-12-13,3912.49,2.25,0.000575
2024-12-14,3869.41,2.2,0.000569
2024-12-15,3943.83,2.22,0.000563
2024-12-17,3884.73,2.2369,0.000576
2024-12-18,3618.23,2.09,0.000578
2024-12-20,3416.21,1.61,0.000471
2024-12-21,3473.74,1.73,0.000498
2024-12-22,3337.9,1.67,0.0005
2024-12-23,3417.43,1.72,0.000503
2024-12-25,3494.2,1.96,0.000561
2024-12-26,3331.53,1.77,0.000531
2024-12-27,3323.87,1.89,0.000569
2024-12-29,3351.52,1.78,0.000531
2024-12-31,3359,1.75,0.000521
2025-01-02,3450.61,1.88,0.000545
2025-01-06,3633.56,2.09,0.000575
2025-01-07,3379.67,1.77,0.000524
2025-01-08,3325.85,1.65,0.000496
2025-01-09,3221.55,1.59,0.000494
2025-01-12,3265.78,1.56,0.000478
2025-01-14,3136.13,1.6206,0.000517
2025-01-15,3222.2,1.84,0.000571
2025-01-16,3307.59,1.96,0.000593
2025-01-20,3202.34,1.62,0.000506
2025-01-21,3326.87,1.9,0.000571
2025-01-24,3311.33,2,0.000604
2025-01-26,3317.31,1.99,0.0006
2025-01-27,3236.86,1.91,0.00059
2025-01-29,3078.52,1.78,0.000578
2025-01-30,3112.1,1.9,0.000611
2025-01-31,3246.15,2.09,0.000644
2025-02-01,3298.01,2.3,0.000697
2025-02-02,3122.4,2.05,0.000657
2025-02-03,2868.67,1.89,0.000659
2025-02-04,2880.45,1.86,0.000646
2025-02-05,2734.76,1.7067,0.000624
2025-02-06,2688.22,1.69,0.000629
2025-02-08,2622.84,1.53,0.000583
2025-02-10,2661.63,1.58,0.000594
2025-02-14,2676.72,1.68,0.000628
2025-02-15,2693.12,1.81,0.000672
2025-02-17,2662.96,1.78,0.000668
2025-02-18,2743.17,1.86,0.000678
2025-02-19,2670.7,1.75,0.000655
2025-02-20,2739.53,1.78,0.00065
2025-02-22,2763.64,1.69,0.000612
2025-02-24,2826.15,1.7,0.000602
2025-02-25,2508.03,1.41,0.000562
2025-02-26,2330.89,1.34,0.000575
2025-02-28,2235.2,1.27,0.000568
2025-03-02,2215.41,1.25,0.000564
2025-03-03,2144.78,1.1,0.000513
2025-03-04,2169.94,1.083,0.000499
2025-03-06,2241.61,1.15,0.000513
2025-03-07,2200.91,1.068,0.000485
2025-03-09,2014.18,1.069,0.000531
2025-03-10,1869.31,0.9894,0.000529
2025-03-12,1908.31,0.9197,0.000482
2025-03-14,1861.98,0.8992,0.000483
2025-03-15,1937.97,0.9614,0.000496
2025-03-16,1887.86,0.923,0.000489
2025-03-19,2059.46,1.041,0.000505
2025-03-21,1979.7,0.9911,0.000501
2025-03-23,2006.55,1.038,0.000517
2025-03-24,2078.25,1.071,0.000515
2025-03-25,2067.37,1.06,0.000513
2025-03-27,2001.98,1.023,0.000511
2025-03-29,1827.88,0.8735,0.000478
2025-03-31,1806.22,0.8574,0.000475
2025-04-01,1823.95,0.8995,0.000493
2025-04-02,1905.19,0.8124,0.000426
2025-04-03,1816.16,0.832,0.000458
2025-04-05,1814.92,0.8367,0.000461
2025-04-06,1807.77,0.8258,0.000457
2025-04-07,1573.76,0.6941,0.000441
2025-04-08,1471.74,0.6281,0.000427
2025-04-11,1522.53,0.7314,0.00048
2025-04-12,1567.57,0.756,0.000482
2025-04-13,1644.87,0.7202,0.000438
2025-04-14,1622.46,0.7066,0.000435
2025-04-15,1587.78,0.6848,0.000431
2025-04-17,1583.2,0.6836,0.000432
2025-04-18,1589.14,0.6985,0.00044
2025-04-21,1586.21,0.7131,0.00045
2025-04-22,1578.74,0.7836,0.000496
2025-04-24,1769.39,0.8126,0.000459
2025-04-25,1787.83,0.8551,0.000478
2025-04-27,1821.16,0.8368,0.000459
2025-04-28,1799.38,0.8389,0.000466
2025-04-30,1799.15,0.8306,0.000462
2025-05-01,1793.89,0.8568,0.000478
2025-05-02,1842.16,0.8603,0.000467
2025-05-04,1834.2,0.8,0.000436
2025-05-05,1808.16,0.786,0.000435
2025-05-06,1819.88,0.7774,0.000427
2025-05-07,1816.16,0.7801,0.00043
2025-05-08,1811.7,0.9581,0.000529
2025-05-10,2583.01,1.029,0.000398
2025-05-11,2508.63,1.095,0.000436
2025-05-13,2493.66,1.15,0.000461
2025-05-14,2606.15,1.061,0.000407
2025-05-15,2544.76,0.9859,0.000387
2025-05-16,2542.33,0.9641,0.000379
2025-05-19,2527.56,0.8993,0.000356
2025-05-20,2523.28,0.8719,0.000346
2025-05-22,2657.9,0.9638,0.000363
2025-05-24,2529.86,0.8731,0.000345
2025-05-25,2547.34,0.873,0.000343
2025-05-29,2632.03,0.9275,0.000352
2025-05-30,2526.03,0.8117,0.000321
2025-06-01,2531.61,0.8566,0.000338
2025-06-02,2610.55,0.8762,0.000336
2025-06-04,2594.79,0.8456,0.000326
2025-06-05,2419.72,0.7625,0.000315
2025-06-06,2480.48,0.7734,0.000312
2025-06-09,2508.9,0.879,0.00035
2025-06-10,2682.79,0.9802,0.000365
2025-06-11,2812.28,0.9592,0.000341
2025-06-13,2577.9,0.8292,0.000322
2025-06-15,2533.68,0.809,0.000319
2025-06-16,2553.23,0.8263,0.000324
2025-06-18,2522,0.7787,0.000309
2025-06-20,2521.75,0.7301,0.00029
2025-06-22,2286.26,0.6776,0.000296
2025-06-23,2422.35,0.7117,0.000294
2025-06-26,2415.54,0.6901,0.000286
2025-06-28,2436.77,0.7203,0.000296
2025-06-30,2487.52,0.7419,0.000298
2025-07-03,2572.33,0.7642,0.000297
2025-07-04,2507.96,0.7234,0.000288
2025-07-05,2517.15,0.7246,0.000288
2025-07-07,2542.99,0.7287,0.000287
2025-07-09,2770.88,0.7973,0.000288
2025-07-11,2958.62,0.8349,0.000282
2025-07-12,2942.62,0.8077,0.000275
2025-07-13,2974.93,0.8381,0.000282
2025-07-14,3012.87,0.8597,0.000285
2025-07-15,3136.34,0.9041,0.000288
2025-07-16,3369.57,0.9268,0.000275
2025-07-17,3478.48,1.044,0.0003
2025-07-19,3548.46,1.11,0.000313
2025-07-21,3765.31,1.2,0.000319
2025-07-22,3747.33,1.22,0.000326
2025-07-23,3629.81,1.095,0.000302
2025-07-25,3708.07,1.072,0.000289
2025-07-26,3742.48,1.078,0.000288
2025-07-28,3786.62,1.14,0.000301
2025-07-30,3807.29,1.016,0.000267
2025-08-01,3696.63,0.9507,0.000257
2025-08-02,3488.35,0.9009,0.000258
2025-08-03,3395.68,0.8708,0.000256
2025-08-04,3497.55,0.9197,0.000263
2025-08-05,3717.4,0.9534,0.000256
2025-08-06,3612.42,0.91,0.000252
2025-08-07,3912.55,1.055,0.00027
2025-08-09,4011.33,1.12,0.000279
2025-08-10,4265.01,1.44,0.000338
2025-08-12,4227.06,1.54,0.000364
2025-08-14,4761.37,1.39,0.000292
2025-08-16,4439,1.38,0.000311
2025-08-17,4425.45,1.41,0.000319
2025-08-18,4486.78,1.29,0.000288
2025-08-19,4313.14,1.28,0.000297
2025-08-21,4334.98,1.28,0.000295
2025-08-23,4829.86,1.54,0.000319
2025-08-24,4778.01,1.43,0.000299
2025-08-25,4375.06,1.27,0.00029
2025-08-27,4503,1.31,0.000291
2025-08-28,4509.54,1.25,0.000277
2025-08-31,4373.93,1.19,0.000272
2025-09-01,4389.71,1.16,0.000264
2025-09-02,4313.87,1.2,0.000278
2025-09-03,4449.5,1.24,0.000279
2025-09-06,4306.73,1.16,0.000269
2025-09-07,4305.7,1.2,0.000279
2025-09-10,4308.83,1.24,0.000288
2025-09-12,4714.09,1.3,0.000276
2025-09-14,4669.67,1.23,0.000263
2025-09-17,4502.35,1.31,0.000291
2025-09-18,4589.18,1.34,0.000292
2025-09-21,4449.37,1.25,0.000281
2025-09-23,4164.72,1.11,0.000267
2025-09-25,4153.6,1.11,0.000267
2025-09-26,3868.21,1.056,0.000273
2025-09-27,4034.45,1.097,0.000272
2025-09-28,4018.49,1.12,0.000279
2025-09-29,4216.48,1.18,0.00028
2025-10-01,4145.44,1.088,0.000262
2025-10-02,4348.1,1.2972,0.000298
2025-10-04,4488.59,1.2033,0.000268
2025-10-06,4514.14,1.2553,0.000278
2025-10-08,4526.39,1.1866,0.000262
2025-10-09,4368.4,1.2,0.000275
2025-10-12,4161.72,0.8089,0.000194
2025-10-13,4244.6,1.0228,0.000241
2025-10-16,3986.92,0.8942,0.000224
2025-10-17,3832.77,0.8681,0.000227
2025-10-18,3890.17,0.8748,0.000225
2025-10-22,3876.01,0.8637,0.000223
2025-10-24,3934.77,0.9255,0.000235
2025-10-26,3953.31,0.9698,0.000245
2025-10-28,4119.8,0.9403,0.000228
2025-10-29,3980.97,0.9027,0.000227
2025-10-30,3804.19,0.9241,0.000243
2025-11-01,3846.42,0.872,0.000227
2025-11-02,3874.18,0.8856,0.000229
2025-11-03,3601.79,0.8818,0.000245
2025-11-04,3291.47,0.7257,0.00022
2025-11-06,3311.58,0.7679,0.000232
2025-11-08,3400.21,0.834,0.000245
2025-11-10,3582.51,0.8815,0.000246
2025-11-12,3412.42,0.8031,0.000235
2025-11-15,3166.0,0.754,0.000238
2025-11-18,3024.52,0.6794,0.000225
2025-11-19,3122.11,0.7117,0.000228
2025-11-20,2830.26,0.6705,0.000237
2025-11-22,2765.11,0.6246,0.000226
2025-11-23,2768.26,0.6175,0.000223
2025-11-24,2801.29,0.6629,0.000237
2025-11-26,2958.6,0.6722,0.000227
2025-11-27,3027.26,0.6681,0.000221
2025-11-28,3031.84,0.6636,0.000219
2025-11-30,2990.93,0.6442,0.000215
2025-12-03,2997.22,0.6151,0.000205
2025-12-04,3133.95,0.6293,0.000201
2025-12-06,3023.65,0.5722,0.000189
2025-12-07,3039.06,0.5759,0.000189
2025-12-08,3061.33,0.572,0.000187
2025-12-09,3321.11,0.6359,0.000191
2025-12-10,3323.95,0.6202,0.000187
2025-12-13,3084.71,0.5896,0.000191
2025-12-14,3115.71,0.583,0.000187
2025-12-15,3060.98,0.548,0.000179
2025-12-16,2964.54,0.5553,0.000187
2025-12-18,2831.42,0.5058,0.000179
2025-12-19,2827.28,0.5542,0.000196
2025-12-21,2978.06,0.5347,0.00018
2025-12-22,3001.21,0.5465,0.000182
2025-12-24,2963.38,0.539,0.000182
2025-12-25,2945.48,0.5424,0.000184
2025-12-26,2903.41,0.5617,0.000193
2025-12-28,2948.42,0.5897,0.0002
2025-12-30,2934.89,0.5825,0.000198
2025-12-31,2971.46,0.5763,0.000194
2026-01-02,3123.63,0.6224,0.000199
2026-01-04,3125.61,0.616,0.000197
2026-01-05,3141.29,0.6319,0.000201
2026-01-06,3296.14,0.6607,0.0002
2026-01-08,3166.84,0.6287,0.000199
2026-01-10,3083.21,0.6372,0.000207
2026-01-11,3082.57,0.6308,0.000205
2026-01-12,3118.56,0.6296,0.000202
2026-01-13,3091.62,0.6076,0.000197
2026-01-14,3323.07,0.6632,0.0002
2026-01-15,3355.06,0.6489,0.000193
2026-01-16,3317.41,0.6076,0.000183
2026-01-17,3295.62,0.6071,0.000184
2026-01-20,2936.2,0.5573,0.00019
2026-01-22,2978.98,0.5276,0.000177
2026-01-23,2953.01,0.524,0.000177
2026-01-26,2926.92,0.4951,0.000169
2026-01-29,3005.06,0.5233,0.000174
2026-01-30,2818.22,0.4796,0.00017
2026-01-31,2702.88,0.4698,0.000174
2026-02-01,2444.52,0.4082,0.000167
2026-02-02,2267.59,0.4224,0.000186
2026-02-05,1821.66,0.4035,0.000222
2026-02-07,2090.64,0.3627,0.000173
2026-02-08,2088.99,0.3634,0.000174
2026-02-10,2103.62,0.3394,0.000161
2026-02-11,2019.57,0.329,0.000163
2026-02-14,2048.19,0.3609,0.000176
2026-02-15,2085.54,0.3393,0.000163
2026-02-17,1997.47,0.3459,0.000173
2026-02-18,1991.7,0.3405,0.000171
2026-02-19,1954.37,0.3295,0.000169
2026-02-20,1948.21,0.3229,0.000166
2026-02-21,1968.52,0.3301,0.000168
2026-02-22,1973.5,0.3275,0.000166
2026-02-23,1957.43,0.3076,0.000157
2026-02-24,1852.33,0.2985,0.000161
2026-02-26,2026.7,0.3124,0.000154
2026-03-01,1964.77,0.3063,0.000156
2026-03-02,1939.03,0.3063,0.000158
2026-03-03,1982.25,0.3037,0.000153
2026-03-05,2127.21,0.3121,0.000147
2026-03-06,2072.24,0.2973,0.000143
2026-03-08,1969.48,0.2833,0.000144
2026-03-09,1936.16,0.2831,0.000146
2026-03-11,2036.45,0.2973,0.000146
2026-03-12,2051.32,0.2992,0.000146
2026-03-14,2093.0,0.2984,0.000143
2026-03-15,2096.55,0.3082,0.000147
2026-03-16,2177.72,0.3276,0.00015
2026-03-17,2351.18,0.3205,0.000136
2026-03-18,2318.12,0.3036,0.000131
2026-03-20,2137.45,0.2975,0.000139
2026-03-21,2078.05,0.2903,0.00014
2026-03-23,2151.5,0.2823,0.000131
2026-03-24,2155.68,0.2937,0.000136
2026-03-26,2059.33,0.3004,0.000146
2026-03-28,1990.82,0.2986,0.00015
2026-03-29,1992.77,0.3009,0.000151
2026-03-30,1983.18,0.3175,0.00016
2026-04-01,2104.86,0.3293,0.000156
2026-04-02,2139.06,0.3141,0.000147
2026-04-04,2053.34,0.3136,0.000153
2026-04-05,2065.52,0.3163,0.000153
2026-04-07,2107.8,0.3093,0.000147
2026-04-08,2241.94,0.3358,0.00015
2026-04-09,2188.97,0.3175,0.000145
2026-04-10,2245.05,0.3177,0.000142
2026-04-12,2192.16,0.3342,0.000152
2026-04-13,2371.86,0.3135,0.000132
2026-04-14,2323.22,0.3499,0.000151
2026-04-16,2348.7,0.3769,0.00016
2026-04-17,2421.01,0.4358,0.00018
2026-04-19,2264.81,0.3882,0.000171
2026-04-20,2315.02,0.3677,0.000159
2026-04-22,2327.52,0.3808,0.000164
2026-04-23,2330.83,0.3791,0.000163
2026-04-24,2315.51,0.3892,0.000168
2026-04-26,2369.74,0.3743,0.000158
2026-04-28,2289.17,0.387,0.000169
2026-04-30,2255.98,0.3652,0.000162
2026-05-03,2316.46,0.3732,0.000161
2026-05-04,2322.1,0.3651,0.000157
2026-05-05,2361.09,0.3718,0.000157
2026-05-07,2291.18,0.3851,0.000168
2026-05-10,2368.84,0.3988,0.000168
2026-05-11,2339.6,0.4094,0.000175
2026-05-13,2274.64,0.388,0.000171
2026-05-14,2281.5,0.3883,0.00017
2026-05-16,2179.88,0.3541,0.000162
2026-05-18,2128.49,0.348,0.000163
2026-05-20,2127.29,0.3512,0.000165
2026-05-21,2131.69,0.3574,0.000168
2026-05-23,2115.71,0.3407,0.000161
2026-05-24,2098.14,0.3502,0.000167
2026-05-25,2111.21,0.3415,0.000162
2026-05-26,2070.83,0.3422,0.000165
2026-05-29,2012.23,0.3245,0.000161
2026-05-30,2019.18,0.3233,0.00016
2026-06-01,2004.29,0.3268,0.000163
2026-06-02,2003.37,0.3317,0.000166
2026-06-03,1857.99,0.3017,0.000162
2026-06-04,1769.18,0.2971,0.000168
2026-06-05,1580.62,0.2572,0.000163
2026-06-09,1637.84,0.2659,0.000162
2026-06-11,1671.89,0.2669,0.00016
2026-06-13,1665.05,0.261,0.000157
2026-06-14,1724.63,0.2684,0.000156
2026-06-16,1795.31,0.2737,0.000152
2026-06-17,1747.94,0.2769,0.000158
2026-06-19,1709.6,0.2771,0.000162
2026-06-20,1710.37,0.2787,0.000163
2026-06-21,1704.6,0.2676,0.000157
2026-06-22,1726.72,0.2674,0.000155
2026-06-23,1665.57,0.2595,0.000156
2026-06-25,1564.84,0.2454,0.000157
2026-06-27,1576.49,0.2456,0.000156
2026-06-29,1570.62,0.2445,0.000156
2026-06-30,1610.09,0.2522,0.000157
2026-07-01,1608.43,0.2397,0.000149
2026-07-02,1698.4,0.2464,0.000145
2026-07-04,1778.96,0.2723,0.000153
2026-07-07,1797.47,0.281,0.000156
2026-07-08,1742.53,0.3108,0.000178
2026-07-10,1795.63,0.3004,0.000167
2026-07-12,1805.54,0.3098,0.000172
2026-07-13,1773.68,0.3073,0.000173
2026-07-15,1889.48,0.3583,0.00019
2026-07-17,1863.08,0.3729,0.0002
2026-07-18,1840.9,0.3581,0.000195
2026-07-20,1902.76,0.3824,0.000201
2026-07-22,1928.27,0.3867,0.000201
2026-07-23,1877.14,0.3888,0.000207
2026-07-26,1952.86,0.37,0.000189
2026-07-28,1919.68,0.3679,0.000192
2026-07-31,1860.39,0.369,0.000198
2026-08-02,1843.26,0.3258,0.000177
2026-08-03,1882.15,0.3253,0.000173
2026-08-04,1858.47,0.3285,0.000177
2026-08-05,1868.62,0.2797,0.00015
2026-08-06,1907.44,0.2936,0.000154
2026-08-07,1902.16,0.2919,0.000153
2026-08-08,1912.99,0.2858,0.000149
2026-08-09,1915.45,0.2893,0.000151
2026-08-10,1908.94,0.2821,0.000148
2026-08-11,1871.4,0.2942,0.000157
2026-08-12,1880.49,0.2938,0.000156
2026-08-13,1877.74,0.2894,0.000154
2026-08-14,1884.39,0.296,0.000157
2026-08-15,1880.33,0.2956,0.000157
2026-08-16,1880.96,0.2978,0.000158
2026-08-17,1874.4,0.3007,0.00016
2026-08-18,1912.27,0.3049,0.000159
2026-08-19,1916.4,0.3046,0.000159
2026-08-20,2251.73,0.3287,0.000146
2026-08-21,2326.53,0.3382,0.000145
2026-08-22,2514.97,0.37,0.000147
2026-08-23,2423.41,0.3701,0.000153
2026-08-24,2462.4,0.3998,0.000162
2026-08-25,2481.88,0.3712,0.00015
2026-08-26,2442.01,0.3624,0.000148
2026-08-27,2506.34,0.3629,0.000145
2026-08-28,2511.46,0.3665,0.000146
2026-08-29,2442.41,0.3613,0.000148
2026-08-30,2457.09,0.358,0.000146
2026-08-31,2416.24,0.3529,0.000146
2026-09-01,2466.57,0.3569,0.000145
2026-09-02,2417.68,0.3686,0.000152
2026-09-03,2390.78,0.3656,0.000153
2026-09-04,2507.65,0.3947,0.000157
2026-09-05,2456.09,0.3856,0.000157
2026-09-06,2480.0,0.3986,0.000161
2026-09-07,2514.01,0.4164,0.000166
2026-09-08,2489.4,0.394,0.000158
2026-09-09,2485.07,0.3863,0.000155
2026-09-10,2467.53,0.3735,0.000151
2026-09-11,2437.51,0.3684,0.000151
2026-09-12,2514.85,0.3699,0.000147
2026-09-13,2525.27,0.3711,0.000147
2026-09-14,2476.68,0.362,0.000146
2026-09-15,2514.76,0.3696,0.000147
2026-09-16,2397.5,0.336,0.00014
2026-09-17,2415.96,0.3486,0.000144
2026-09-18,2446.14,0.3596,0.000147
2026-09-19,2611.56,0.3917,0.00015
2026-09-20,2632.01,0.4127,0.000157
2026-09-21,2644.73,0.4197,0.000159
