date,revenue_usd_llama,revenue_usd_calibrated
2023-01-01,37904,34378.93
2023-01-02,39792,36091.34
2023-01-03,41412,37560.68
2023-01-04,45007,40821.35
2023-01-05,51202,46440.21
2023-01-06,41400,37549.8
2023-01-07,42376,38435.03
2023-01-08,40029,36306.3
2023-01-09,51660,46855.62
2023-01-10,46554,42224.48
2023-01-11,44246,40131.12
2023-01-12,55171,50040.1
2023-01-13,57871,52489.0
2023-01-14,68559,62183.01
2023-01-15,54863,49760.74
2023-01-16,58210,52796.47
2023-01-17,59024,53534.77
2023-01-18,57012,51709.88
2023-01-19,62760,56923.32
2023-01-20,52207,47351.75
2023-01-21,65610,59508.27
2023-01-22,56209,50981.56
2023-01-23,56968,51669.98
2023-01-24,62874,57026.72
2023-01-25,64319,58337.33
2023-01-26,62124,56346.47
2023-01-27,68663,62277.34
2023-01-28,56156,50933.49
2023-01-29,55006,49890.44
2023-01-30,56417,51170.22
2023-01-31,58112,52707.58
2023-02-01,57335,52002.85
2023-02-02,65935,59803.04
2023-02-03,62724,56890.67
2023-02-04,64005,58052.54
2023-02-05,59284,53770.59
2023-02-06,57778,52404.65
2023-02-07,63172,57297.0
2023-02-08,66441,60261.99
2023-02-09,68295,61943.57
2023-02-10,61365,55658.06
2023-02-11,56317,51079.52
2023-02-12,52891,47972.14
2023-02-13,57738,52368.37
2023-02-14,55868,50672.28
2023-02-15,80329,72858.4
2023-02-16,69887,63387.51
2023-02-17,65875,59748.62
2023-02-18,72647,65890.83
2023-02-19,66862,60643.83
2023-02-20,66147,59995.33
2023-02-21,66952,60725.46
2023-02-22,69536,63069.15
2023-02-23,65607,59505.55
2023-02-24,61928,56168.7
2023-02-25,59246,53736.12
2023-02-26,56117,50898.12
2023-02-27,56609,51344.36
2023-02-28,64587,58580.41
2023-03-01,63806,57872.04
2023-03-02,68917,62507.72
2023-03-03,71321,64688.15
2023-03-04,60790,55136.53
2023-03-05,60375,54760.12
2023-03-06,58399,52967.89
2023-03-07,67535,61254.25
2023-03-08,63540,57630.78
2023-03-09,61489,55770.52
2023-03-10,66471,60289.2
2023-03-11,124686,113090.2
2023-03-12,127897,116002.58
2023-03-13,112408,101954.06
2023-03-14,81497,73917.78
2023-03-15,80951,73422.56
2023-03-16,78505,71204.04
2023-03-17,91845,83303.42
2023-03-18,73880,67009.16
2023-03-19,67655,61363.08
2023-03-20,135994,123346.56
2023-03-21,74424,67502.57
2023-03-22,68352,61995.26
2023-03-23,72998,66209.19
2023-03-24,72686,65926.2
2023-03-25,65208,59143.66
2023-03-26,65445,59358.62
2023-03-27,71717,65047.32
2023-03-28,82502,74829.31
2023-03-29,73079,66282.65
2023-03-30,77614,70395.9
2023-03-31,67367,61101.87
2023-04-01,72377,65645.94
2023-04-02,63723,57796.76
2023-04-03,66799,60586.69
2023-04-04,75625,68591.88
2023-04-05,75143,68154.7
2023-04-06,69733,63247.83
2023-04-07,70106,63586.14
2023-04-08,65987,59850.21
2023-04-09,143849,130471.04
2023-04-10,65955,59821.19
2023-04-11,76651,69522.46
2023-04-12,73898,67025.49
2023-04-13,71998,65302.19
2023-04-14,96499,87524.59
2023-04-15,87814,79647.3
2023-04-16,74576,67640.43
2023-04-17,87728,79569.3
2023-04-18,95275,86414.43
2023-04-19,110234,99982.24
2023-04-20,105811,95970.58
2023-04-21,94282,85513.77
2023-04-22,79994,72554.56
2023-04-23,83187,75450.61
2023-04-24,80852,73332.76
2023-04-25,82555,74877.39
2023-04-26,81128,73583.1
2023-04-27,89221,80923.45
2023-04-28,86276,78252.33
2023-04-29,80208,72748.66
2023-04-30,82220,74573.54
2023-05-01,98760,89575.32
2023-05-02,108277,98207.24
2023-05-03,105984,96127.49
2023-05-04,106803,96870.32
2023-05-05,112425,101969.48
2023-05-06,154759,140366.41
2023-05-07,130183,118075.98
2023-05-08,138683,125785.48
2023-05-09,115690,104930.83
2023-05-10,113417,102869.22
2023-05-11,130097,117997.98
2023-05-12,127049,115233.44
2023-05-13,100173,90856.91
2023-05-14,85890,77902.23
2023-05-15,87355,79230.99
2023-05-16,108836,98714.25
2023-05-17,86280,78255.96
2023-05-18,92675,84056.23
2023-05-19,96628,87641.6
2023-05-20,81857,74244.3
2023-05-21,80694,73189.46
2023-05-22,84754,76871.88
2023-05-23,94904,86077.93
2023-05-24,92115,83548.31
2023-05-25,91919,83370.53
2023-05-26,92567,83958.27
2023-05-27,95914,86994.0
2023-05-28,80723,73215.76
2023-05-29,99390,90146.73
2023-05-30,93258,84585.01
2023-05-31,92223,83646.26
2023-06-01,87768,79605.58
2023-06-02,96276,87322.33
2023-06-03,84062,76244.23
2023-06-04,79620,72215.34
2023-06-05,81009,73475.16
2023-06-06,83637,75858.76
2023-06-07,83385,75630.2
2023-06-08,80135,72682.45
2023-06-09,82267,74616.17
2023-06-10,90076,81698.93
2023-06-11,68270,61920.89
2023-06-12,71220,64596.54
2023-06-13,73112,66312.58
2023-06-14,69803,63311.32
2023-06-15,73264,66450.45
2023-06-16,69087,62661.91
2023-06-17,76063,68989.14
2023-06-18,72740,65975.18
2023-06-19,67195,60945.87
2023-06-20,76262,69169.63
2023-06-21,79788,72367.72
2023-06-22,87194,79084.96
2023-06-23,84292,76452.84
2023-06-24,80061,72615.33
2023-06-25,76359,69257.61
2023-06-26,75693,68653.55
2023-06-27,79521,72125.55
2023-06-28,85399,77456.89
2023-06-29,85224,77298.17
2023-06-30,93466,84773.66
2023-07-01,95541,86655.69
2023-07-02,80183,72725.98
2023-07-03,86460,78419.22
2023-07-04,87984,79801.49
2023-07-05,82257,74607.1
2023-07-06,88916,80646.81
2023-07-07,88016,79830.51
2023-07-08,87411,79281.78
2023-07-09,81825,74215.28
2023-07-10,82345,74686.92
2023-07-11,87949,79769.74
2023-07-12,83308,75560.36
2023-07-13,85417,77473.22
2023-07-14,98753,89568.97
2023-07-15,86075,78070.03
2023-07-16,85581,77621.97
2023-07-17,91625,83103.88
2023-07-18,86760,78691.32
2023-07-19,89916,81553.81
2023-07-20,94241,85476.59
2023-07-21,92889,84250.32
2023-07-22,90522,82103.45
2023-07-23,84379,76531.75
2023-07-24,90269,81873.98
2023-07-25,91271,82782.8
2023-07-26,91161,82683.03
2023-07-27,91606,83086.64
2023-07-28,89903,81542.02
2023-07-29,96119,87179.93
2023-07-30,80165,72709.65
2023-07-31,128225,116300.07
2023-08-01,86297,78271.38
2023-08-02,91657,83132.9
2023-08-03,90848,82399.14
2023-08-04,85135,77217.45
2023-08-05,85754,77778.88
2023-08-06,81847,74235.23
2023-08-07,83882,76080.97
2023-08-08,88856,80592.39
2023-08-09,88400,80178.8
2023-08-10,88201,79998.31
2023-08-11,87436,79304.45
2023-08-12,84513,76653.29
2023-08-13,81950,74328.65
2023-08-14,83765,75974.85
2023-08-15,89845,81489.42
2023-08-16,92772,84144.2
2023-08-17,90066,81689.86
2023-08-18,111813,101414.39
2023-08-19,80416,72937.31
2023-08-20,76898,69746.49
2023-08-21,80645,73145.01
2023-08-22,80084,72636.19
2023-08-23,81180,73630.26
2023-08-24,83220,75480.54
2023-08-25,82760,75063.32
2023-08-26,79680,72269.76
2023-08-27,73255,66442.29
2023-08-28,79535,72138.24
2023-08-29,89638,81301.67
2023-08-30,91556,83041.29
2023-08-31,81345,73779.92
2023-09-01,80537,73047.06
2023-09-02,72830,66056.81
2023-09-03,69118,62690.03
2023-09-04,74872,67908.9
2023-09-05,78351,71064.36
2023-09-06,84555,76691.39
2023-09-07,82938,75224.77
2023-09-08,78609,71298.36
2023-09-09,82427,74761.29
2023-09-10,73495,66659.96
2023-09-11,73816,66951.11
2023-09-12,89579,81248.15
2023-09-13,79719,72305.13
2023-09-14,75314,68309.8
2023-09-15,78974,71629.42
2023-09-16,76445,69335.62
2023-09-17,71748,65075.44
2023-09-18,76560,69439.92
2023-09-19,81715,74115.51
2023-09-20,82297,74643.38
2023-09-21,79854,72427.58
2023-09-22,76980,69820.86
2023-09-23,71922,65233.25
2023-09-24,73112,66312.58
2023-09-25,70254,63720.38
2023-09-26,81276,73717.33
2023-09-27,79397,72013.08
2023-09-28,77001,69839.91
2023-09-29,78769,71443.48
2023-09-30,79239,71869.77
2023-10-01,76581,69458.97
2023-10-02,85936,77943.95
2023-10-03,88498,80267.69
2023-10-04,81564,73978.55
2023-10-05,75786,68737.9
2023-10-06,73337,66516.66
2023-10-07,73114,66314.4
2023-10-08,71871,65187.0
2023-10-09,68665,62279.15
2023-10-10,70197,63668.68
2023-10-11,70020,63508.14
2023-10-12,70253,63719.47
2023-10-13,71871,65187.0
2023-10-14,70972,64371.6
2023-10-15,66087,59940.91
2023-10-16,71818,65138.93
2023-10-17,83928,76122.7
2023-10-18,94454,85669.78
2023-10-19,71956,65264.09
2023-10-20,81475,73897.82
2023-10-21,80077,72629.84
2023-10-22,73898,67025.49
2023-10-23,78285,71004.49
2023-10-24,102545,93008.32
2023-10-25,86436,78397.45
2023-10-26,96492,87518.24
2023-10-27,91559,83044.01
2023-10-28,104733,94992.83
2023-10-29,81567,73981.27
2023-10-30,84479,76622.45
2023-10-31,95300,86437.1
2023-11-01,92921,84279.35
2023-11-02,96613,87627.99
2023-11-03,86106,78098.14
2023-11-04,90070,81693.49
2023-11-05,88089,79896.72
2023-11-06,95613,86720.99
2023-11-07,94122,85368.65
2023-11-08,98731,89549.02
2023-11-09,101191,91780.24
2023-11-10,130853,118683.67
2023-11-11,108535,98441.25
2023-11-12,103290,93684.03
2023-11-13,106640,96722.48
2023-11-14,120292,109104.84
2023-11-15,110954,100635.28
2023-11-16,106970,97021.79
2023-11-17,96167,87223.47
2023-11-18,97602,88525.01
2023-11-19,90548,82127.04
2023-11-20,97774,88681.02
2023-11-21,98128,89002.1
2023-11-22,113312,102773.98
2023-11-23,113149,102626.14
2023-11-24,104005,94332.54
2023-11-25,102387,92865.01
2023-11-26,97192,88153.14
2023-11-27,99871,90583.0
2023-11-28,104381,94673.57
2023-11-29,115603,104851.92
2023-11-30,111310,100958.17
2023-12-01,114812,104134.48
2023-12-02,110939,100621.67
2023-12-03,105987,96130.21
2023-12-04,118222,107227.35
2023-12-05,124668,113073.88
2023-12-06,130192,118084.14
2023-12-07,126556,114786.29
2023-12-08,134725,122195.57
2023-12-09,128806,116827.04
2023-12-10,111203,100861.12
2023-12-11,118808,107758.86
2023-12-12,124594,113006.76
2023-12-13,112538,102071.97
2023-12-14,116602,105758.01
2023-12-15,129899,117818.39
2023-12-16,118935,107874.04
2023-12-17,121555,110250.39
2023-12-18,106843,96906.6
2023-12-19,115724,104961.67
2023-12-20,115260,104540.82
2023-12-21,133288,120892.22
2023-12-22,116160,105357.12
2023-12-23,113775,103193.93
2023-12-24,108168,98108.38
2023-12-25,114377,103739.94
2023-12-26,102475,92944.82
2023-12-27,110632,100343.22
2023-12-28,130159,118054.21
2023-12-29,121886,110550.6
2023-12-30,105152,95372.86
2023-12-31,104458,94743.41
2024-01-01,101893,92416.95
2024-01-02,110134,99891.54
2024-01-03,104160,94473.12
2024-01-04,165452,150064.96
2024-01-05,110076,99838.93
2024-01-06,102870,93303.09
2024-01-07,98741,89558.09
2024-01-08,107267,97291.17
2024-01-09,113719,103143.13
2024-01-10,136185,123519.79
2024-01-11,148390,134589.73
2024-01-12,126963,115155.44
2024-01-13,126142,114410.79
2024-01-14,121720,110400.04
2024-01-15,121724,110403.67
2024-01-16,130844,118675.51
2024-01-17,128987,116991.21
2024-01-18,124015,112481.61
2024-01-19,160961,145991.63
2024-01-20,118480,107461.36
2024-01-21,111704,101315.53
2024-01-22,107600,97593.2
2024-01-23,119721,108586.95
2024-01-24,104134,94449.54
2024-01-25,107164,97197.75
2024-01-26,116012,105222.88
2024-01-27,115228,104511.8
2024-01-28,107283,97305.68
2024-01-29,103277,93672.24
2024-01-30,112294,101850.66
2024-01-31,115198,104484.59
2024-02-01,113588,103024.32
2024-02-02,111659,101274.71
2024-02-03,116463,105631.94
2024-02-04,102669,93120.78
2024-02-05,102379,92857.75
2024-02-06,111157,100819.4
2024-02-07,117397,106479.08
2024-02-08,133151,120767.96
2024-02-09,142433,129186.73
2024-02-10,132124,119836.47
2024-02-11,123436,111956.45
2024-02-12,122027,110678.49
2024-02-13,168539,152864.87
2024-02-14,144439,131006.17
2024-02-15,135531,122926.62
2024-02-16,158495,143754.96
2024-02-17,129368,117336.78
2024-02-18,130247,118134.03
2024-02-19,141559,128394.01
2024-02-20,147517,133797.92
2024-02-21,150208,136238.66
2024-02-22,154580,140204.06
2024-02-23,149580,135669.06
2024-02-24,153005,138775.54
2024-02-25,142437,129190.36
2024-02-26,147613,133884.99
2024-02-27,168567,152890.27
2024-02-28,168714,153023.6
2024-02-29,191869,174025.18
2024-03-01,170491,154635.34
2024-03-02,178238,161661.87
2024-03-03,168899,153191.39
2024-03-04,181049,164211.44
2024-03-05,216065,195970.96
2024-03-06,239366,217104.96
2024-03-07,219583,199161.78
2024-03-08,208337,188961.66
2024-03-09,206461,187260.13
2024-03-10,200792,182118.34
2024-03-11,216745,196587.71
2024-03-12,219513,199098.29
2024-03-13,220508,200000.76
2024-03-14,201775,183009.93
2024-03-15,203143,184250.7
2024-03-16,174959,158687.81
2024-03-17,176119,159739.93
2024-03-18,165767,150350.67
2024-03-19,190890,173137.23
2024-03-20,168874,153168.72
2024-03-21,178409,161816.96
2024-03-22,162362,147262.33
2024-03-23,165084,149731.19
2024-03-24,149599,135686.29
2024-03-25,156131,141610.82
2024-03-26,185530,168275.71
2024-03-27,171665,155700.15
2024-03-28,167770,152167.39
2024-03-29,172212,156196.28
2024-03-30,163324,148134.87
2024-03-31,163162,147987.93
2024-04-01,158926,144145.88
2024-04-02,162684,147554.39
2024-04-03,162890,147741.23
2024-04-04,163696,148472.27
2024-04-05,164065,148806.96
2024-04-06,159613,144768.99
2024-04-07,149173,135299.91
2024-04-08,165780,150362.46
2024-04-09,166803,151290.32
2024-04-10,164994,149649.56
2024-04-11,171776,155800.83
2024-04-12,158812,144042.48
2024-04-13,201454,182718.78
2024-04-14,191640,173817.48
2024-04-15,141120,127995.84
2024-04-16,154592,140214.94
2024-04-17,137510,124721.57
2024-04-18,135876,123239.53
2024-04-19,143528,130179.9
2024-04-20,137218,124456.73
2024-04-21,132089,119804.72
2024-04-22,138443,125567.8
2024-04-23,139465,126494.76
2024-04-24,173703,157548.62
2024-04-25,146419,132802.03
2024-04-26,135878,123241.35
2024-04-27,133672,121240.5
2024-04-28,136872,124142.9
2024-04-29,135734,123110.74
2024-04-30,129834,117759.44
2024-05-01,137397,124619.08
2024-05-02,131712,119462.78
2024-05-03,124159,112612.21
2024-05-04,133926,121470.88
2024-05-05,126104,114376.33
2024-05-06,129201,117185.31
2024-05-07,127091,115271.54
2024-05-08,125623,113940.06
2024-05-09,123215,111756.01
2024-05-10,126626,114849.78
2024-05-11,119513,108398.29
2024-05-12,117072,106184.3
2024-05-13,121837,110506.16
2024-05-14,127533,115672.43
2024-05-15,123434,111954.64
2024-05-16,128842,116859.69
2024-05-17,125268,113618.08
2024-05-18,123761,112251.23
2024-05-19,123448,111967.34
2024-05-20,126099,114371.79
2024-05-21,209549,190060.94
2024-05-22,166930,151405.51
2024-05-23,177350,160856.45
2024-05-24,221952,201310.46
2024-05-25,158865,144090.55
2024-05-26,158832,144060.62
2024-05-27,170577,154713.34
2024-05-28,177133,160659.63
2024-05-29,173128,157027.1
2024-05-30,174358,158142.71
2024-05-31,179883,163153.88
2024-06-01,170977,155076.14
2024-06-02,172800,156729.6
2024-06-03,179378,162695.85
2024-06-04,172677,156618.04
2024-06-05,179047,162395.63
2024-06-06,194523,176432.36
2024-06-07,187002,169610.81
2024-06-08,176604,160179.83
2024-06-09,162363,147263.24
2024-06-10,171089,155177.72
2024-06-11,181466,164589.66
2024-06-12,166674,151173.32
2024-06-13,185648,168382.74
2024-06-14,156548,141989.04
2024-06-15,160245,145342.21
2024-06-16,152145,137995.52
2024-06-17,150024,136071.77
2024-06-18,156575,142013.52
2024-06-19,153407,139140.15
2024-06-20,161919,146860.53
2024-06-21,151425,137342.48
2024-06-22,146729,133083.2
2024-06-23,150453,136460.87
2024-06-24,146006,132427.44
2024-06-25,150578,136574.25
2024-06-26,147009,133337.16
2024-06-27,149695,135773.36
2024-06-28,159453,144623.87
2024-06-29,141350,128204.45
2024-06-30,138864,125949.65
2024-07-01,152064,137922.05
2024-07-02,149953,136007.37
2024-07-03,147294,133595.66
2024-07-04,157586,142930.5
2024-07-05,177811,161274.58
2024-07-06,134590,122073.13
2024-07-07,124904,113287.93
2024-07-08,130530,118390.71
2024-07-09,135121,122554.75
2024-07-10,139515,126540.11
2024-07-11,139353,126393.17
2024-07-12,138047,125208.63
2024-07-13,134787,122251.81
2024-07-14,137253,124488.47
2024-07-15,143601,130246.11
2024-07-16,154839,140438.97
2024-07-17,160412,145493.68
2024-07-18,170691,154816.74
2024-07-19,158297,143575.38
2024-07-20,149191,135316.24
2024-07-21,147170,133483.19
2024-07-22,162267,147176.17
2024-07-23,156826,142241.18
2024-07-24,152590,138399.13
2024-07-25,141933,128733.23
2024-07-26,141940,128739.58
2024-07-27,138116,125271.21
2024-07-28,146715,133070.51
2024-07-29,141144,128017.61
2024-07-30,144728,131268.3
2024-07-31,148496,134685.87
2024-08-01,144457,131022.5
2024-08-02,141467,128310.57
2024-08-03,135738,123114.37
2024-08-04,127032,115218.02
2024-08-05,331731,300880.02
2024-08-06,130281,118164.87
2024-08-07,110610,100323.27
2024-08-08,111317,100964.52
2024-08-09,119899,108748.39
2024-08-10,114165,103547.65
2024-08-11,107820,97792.74
2024-08-12,117829,106870.9
2024-08-13,118415,107402.4
2024-08-14,120927,109680.79
2024-08-15,117525,106595.18
2024-08-16,113286,102750.4
2024-08-17,106256,96374.19
2024-08-18,108951,98818.56
2024-08-19,106941,96995.49
2024-08-20,113103,102584.42
2024-08-21,106874,96934.72
2024-08-22,115782,105014.27
2024-08-23,108289,98218.12
2024-08-24,115989,105202.02
2024-08-25,111211,100868.38
2024-08-26,110645,100355.01
2024-08-27,108363,98285.24
2024-08-28,116974,106095.42
2024-08-29,105038,95269.47
2024-08-30,107395,97407.26
2024-08-31,100682,91318.57
2024-09-01,98353,89206.17
2024-09-02,102937,93363.86
2024-09-03,110866,100555.46
2024-09-04,103692,94048.64
2024-09-05,106755,96826.79
2024-09-06,104080,94400.56
2024-09-07,133793,121350.25
2024-09-08,93888,85156.42
2024-09-09,99197,89971.68
2024-09-10,105074,95302.12
2024-09-11,103850,94191.95
2024-09-12,100806,91431.04
2024-09-13,100207,90887.75
2024-09-14,102224,92717.17
2024-09-15,100092,90783.44
2024-09-16,107780,97756.46
2024-09-17,100403,91065.52
2024-09-18,105586,95766.5
2024-09-19,117239,106335.77
2024-09-20,123273,111808.61
2024-09-21,124719,113120.13
2024-09-22,121062,109803.23
2024-09-23,124566,112981.36
2024-09-24,125424,113759.57
2024-09-25,123034,111591.84
2024-09-26,121919,110580.53
2024-09-27,126986,115176.3
2024-09-28,117097,106206.98
2024-09-29,113033,102520.93
2024-09-30,115604,104852.83
2024-10-01,118297,107295.38
2024-10-02,111849,101447.04
2024-10-03,105516,95703.01
2024-10-04,104289,94590.12
2024-10-05,103540,93910.78
2024-10-06,107494,97497.06
2024-10-07,109812,99599.48
2024-10-08,119457,108347.5
2024-10-09,122986,111548.3
2024-10-10,111294,100943.66
2024-10-11,112460,102001.22
2024-10-12,110456,100183.59
2024-10-13,112013,101595.79
2024-10-14,119637,108510.76
2024-10-15,117673,106729.41
2024-10-16,117454,106530.78
2024-10-17,114072,103463.3
2024-10-18,115141,104432.89
2024-10-19,112025,101606.68
2024-10-20,110553,100271.57
2024-10-21,112190,101756.33
2024-10-22,113987,103386.21
2024-10-23,111319,100966.33
2024-10-24,109861,99643.93
2024-10-25,111127,100792.19
2024-10-26,105901,96052.21
2024-10-27,102309,92794.26
2024-10-28,102901,93331.21
2024-10-29,113964,103365.35
2024-10-30,117036,106151.65
2024-10-31,112874,102376.72
2024-11-01,117857,106896.3
2024-11-02,104447,94733.43
2024-11-03,103635,93996.95
2024-11-04,104142,94456.79
2024-11-05,105214,95429.1
2024-11-06,125324,113668.87
2024-11-07,123833,112316.53
2024-11-08,130561,118418.83
2024-11-09,139032,126102.02
2024-11-10,137765,124952.86
2024-11-11,143326,129996.68
2024-11-12,167427,151856.29
2024-11-13,147147,133462.33
2024-11-14,165111,149755.68
2024-11-15,147600,133873.2
2024-11-16,142868,129581.28
2024-11-17,133813,121368.39
2024-11-18,131219,119015.63
2024-11-19,139983,126964.58
2024-11-20,137968,125136.98
2024-11-21,142358,129118.71
2024-11-22,149914,135972.0
2024-11-23,147631,133901.32
2024-11-24,148641,134817.39
2024-11-25,149512,135607.38
2024-11-26,147059,133382.51
2024-11-27,150569,136566.08
2024-11-28,156138,141617.17
2024-11-29,149058,135195.61
2024-11-30,151702,137593.71
2024-12-01,152369,138198.68
2024-12-02,156460,141909.22
2024-12-03,166283,150818.68
2024-12-04,172982,156894.67
2024-12-05,174191,157991.24
2024-12-06,191455,173649.68
2024-12-07,171365,155428.05
2024-12-08,163270,148085.89
2024-12-09,162859,147713.11
2024-12-10,188454,170927.78
2024-12-11,167015,151482.61
2024-12-12,168309,152656.26
2024-12-13,166273,150809.61
2024-12-14,160322,145412.05
2024-12-15,157482,142836.17
2024-12-16,162710,147577.97
2024-12-17,167897,152282.58
2024-12-18,163031,147869.12
2024-12-19,161305,146303.64
2024-12-20,154555,140181.39
2024-12-21,144130,130725.91
2024-12-22,137940,125111.58
2024-12-23,137065,124317.96
2024-12-24,139607,126623.55
2024-12-25,137650,124848.55
2024-12-26,134288,121799.22
2024-12-27,139569,126589.08
2024-12-28,134226,121742.98
2024-12-29,134758,122225.51
2024-12-30,136370,123687.59
2024-12-31,145245,131737.21
2025-01-01,137312,124541.98
2025-01-02,149992,136042.74
2025-01-03,144927,131448.79
2025-01-04,149666,135747.06
2025-01-05,146704,133060.53
2025-01-06,150245,136272.21
2025-01-07,153912,139598.18
2025-01-08,145672,132124.5
2025-01-09,139618,126633.53
2025-01-10,139462,126492.03
2025-01-11,130243,118130.4
2025-01-12,126439,114680.17
2025-01-13,137126,124373.28
2025-01-14,137259,124493.91
2025-01-15,131507,119276.85
2025-01-16,140150,127116.05
2025-01-17,142557,129299.2
2025-01-18,140761,127670.23
2025-01-19,143165,129850.65
2025-01-20,163648,148428.74
2025-01-21,163111,147941.68
2025-01-22,138101,125257.61
2025-01-23,129849,117773.04
2025-01-24,204020,185046.14
2025-01-25,132429,120113.1
2025-01-26,129304,117278.73
2025-01-27,134202,121721.21
2025-01-28,129216,117198.91
2025-01-29,123893,112370.95
2025-01-30,131480,119252.36
2025-01-31,132711,120368.88
2025-02-01,129900,117819.3
2025-02-02,120233,109051.33
2025-02-03,437849,397129.04
2025-02-04,130004,117913.63
2025-02-05,120036,108872.65
2025-02-06,111094,100762.26
2025-02-07,113123,102602.56
2025-02-08,104706,94968.34
2025-02-09,101171,91762.1
2025-02-10,105692,95862.64
2025-02-11,106113,96244.49
2025-02-12,102409,92884.96
2025-02-13,110813,100507.39
2025-02-14,107950,97910.65
2025-02-15,102556,93018.29
2025-02-16,101283,91863.68
2025-02-17,107564,97560.55
2025-02-18,111807,101408.95
2025-02-19,107040,97085.28
2025-02-20,105406,95603.24
2025-02-21,107960,97919.72
2025-02-22,116473,105641.01
2025-02-23,107775,97751.93
2025-02-24,105999,96141.09
2025-02-25,140606,127529.64
2025-02-26,102734,93179.74
2025-02-27,103707,94062.25
2025-02-28,122458,111069.41
2025-03-01,87527,79386.99
2025-03-02,85762,77786.13
2025-03-03,110267,100012.17
2025-03-04,106111,96242.68
2025-03-05,97306,88256.54
2025-03-06,91378,82879.85
2025-03-07,93747,85028.53
2025-03-08,88945,80673.12
2025-03-09,81307,73745.45
2025-03-10,90480,82065.36
2025-03-11,129121,117112.75
2025-03-12,96187,87241.61
2025-03-13,75174,68182.82
2025-03-14,74775,67820.93
2025-03-15,74756,67803.69
2025-03-16,70845,64256.42
2025-03-17,71290,64660.03
2025-03-18,73557,66716.2
2025-03-19,80590,73095.13
2025-03-20,81570,73983.99
2025-03-21,75523,68499.36
2025-03-22,74410,67489.87
2025-03-23,74696,67749.27
2025-03-24,78285,71004.49
2025-03-25,78204,70931.03
2025-03-26,77433,70231.73
2025-03-27,77507,70298.85
2025-03-28,79950,72514.65
2025-03-29,73038,66245.47
2025-03-30,71158,64540.31
2025-03-31,69761,63273.23
2025-04-01,72896,66116.67
2025-04-02,72195,65480.87
2025-04-03,74944,67974.21
2025-04-04,70636,64066.85
2025-04-05,70138,63615.17
2025-04-06,66477,60294.64
2025-04-07,154659,140275.71
2025-04-08,68545,62170.32
2025-04-09,66596,60402.57
2025-04-10,74306,67395.54
2025-04-11,67994,61670.56
2025-04-12,63272,57387.7
2025-04-13,63254,57371.38
2025-04-14,69069,62645.58
2025-04-15,63852,57913.76
2025-04-16,62323,56526.96
2025-04-17,61482,55764.17
2025-04-18,59997,54417.28
2025-04-19,58762,53297.13
2025-04-20,58550,53104.85
2025-04-21,61680,55943.76
2025-04-22,63192,57315.14
2025-04-23,79258,71887.01
2025-04-24,70571,64007.9
2025-04-25,69431,62973.92
2025-04-26,68113,61778.49
2025-04-27,67160,60914.12
2025-04-28,67429,61158.1
2025-04-29,71483,64835.08
2025-04-30,66462,60281.03
2025-05-01,69607,63133.55
2025-05-02,68561,62184.83
2025-05-03,66926,60701.88
2025-05-04,66181,60026.17
2025-05-05,66684,60482.39
2025-05-06,65569,59471.08
2025-05-07,67217,60965.82
2025-05-08,72358,65628.71
2025-05-09,110711,100414.88
2025-05-10,98056,88936.79
2025-05-11,107883,97849.88
2025-05-12,100590,91235.13
2025-05-13,99201,89975.31
2025-05-14,103581,93947.97
2025-05-15,97418,88358.13
2025-05-16,101504,92064.13
2025-05-17,92796,84165.97
2025-05-18,89156,80864.49
2025-05-19,95080,86237.56
2025-05-20,94299,85529.19
2025-05-21,95366,86496.96
2025-05-22,104536,94814.15
2025-05-23,99881,90592.07
2025-05-24,96069,87134.58
2025-05-25,90513,82095.29
2025-05-26,93838,85111.07
2025-05-27,97612,88534.08
2025-05-28,101123,91718.56
2025-05-29,103573,93940.71
2025-05-30,100910,91525.37
2025-05-31,97476,88410.73
2025-06-01,90461,82048.13
2025-06-02,90787,82343.81
2025-06-03,96683,87691.48
2025-06-04,98549,89383.94
2025-06-05,96810,87806.67
2025-06-06,95308,86444.36
2025-06-07,91504,82994.13
2025-06-08,90127,81745.19
2025-06-09,91001,82537.91
2025-06-10,103750,94101.25
2025-06-11,104332,94629.12
2025-06-12,103278,93673.15
2025-06-13,99504,90250.13
2025-06-14,90140,81756.98
2025-06-15,87247,79133.03
2025-06-16,93470,84777.29
2025-06-17,94686,85880.2
2025-06-18,90463,82049.94
2025-06-19,94002,85259.81
2025-06-20,92435,83838.54
2025-06-21,89399,81084.89
2025-06-22,91642,83119.29
2025-06-23,91415,82913.4
2025-06-24,93841,85113.79
2025-06-25,90332,81931.12
2025-06-26,89279,80976.05
2025-06-27,90164,81778.75
2025-06-28,85926,77934.88
2025-06-29,87441,79308.99
2025-06-30,88270,80060.89
2025-07-01,88749,80495.34
2025-07-02,88633,80390.13
2025-07-03,94610,85811.27
2025-07-04,93016,84365.51
2025-07-05,88719,80468.13
2025-07-06,88827,80566.09
2025-07-07,91631,83109.32
2025-07-08,93339,84658.47
2025-07-09,96452,87481.96
2025-07-10,105694,95864.46
2025-07-11,116742,105884.99
2025-07-12,108297,98225.38
2025-07-13,104857,95105.3
2025-07-14,113499,102943.59
2025-07-15,109662,99463.43
2025-07-16,118887,107830.51
2025-07-17,133290,120894.03
2025-07-18,137943,125114.3
2025-07-19,127430,115579.01
2025-07-20,134842,122301.69
2025-07-21,144145,130739.51
2025-07-22,136503,123808.22
2025-07-23,131082,118891.37
2025-07-24,132274,119972.52
2025-07-25,133023,120651.86
2025-07-26,130172,118066.0
2025-07-27,131963,119690.44
2025-07-28,134294,121804.66
2025-07-29,133526,121108.08
2025-07-30,135269,122688.98
2025-07-31,135432,122836.82
2025-08-01,127256,115421.19
2025-08-02,122278,110906.15
2025-08-03,119926,108772.88
2025-08-04,120352,109159.26
2025-08-05,127294,115455.66
2025-08-06,125004,113378.63
2025-08-07,131770,119515.39
2025-08-08,135752,123127.06
2025-08-09,147339,133636.47
2025-08-10,144612,131163.08
2025-08-11,146871,133212.0
2025-08-12,149402,135507.61
2025-08-13,172404,156370.43
2025-08-14,169895,154094.77
2025-08-15,185251,168022.66
2025-08-16,154267,139920.17
2025-08-17,154320,139968.24
2025-08-18,149450,135551.15
2025-08-19,149086,135221.0
2025-08-20,143360,130027.52
2025-08-21,147043,133368.0
2025-08-22,144507,131067.85
2025-08-23,169974,154166.42
2025-08-24,159231,144422.52
2025-08-25,160065,145178.96
2025-08-26,158613,143861.99
2025-08-27,154987,140573.21
2025-08-28,157767,143094.67
2025-08-29,147560,133836.92
2025-08-30,149401,135506.71
2025-08-31,148077,134305.84
2025-09-01,146580,132948.06
2025-09-02,153201,138953.31
2025-09-03,148540,134725.78
2025-09-04,146909,133246.46
2025-09-05,149720,135796.04
2025-09-06,142813,129531.39
2025-09-07,142042,128832.09
2025-09-08,141327,128183.59
2025-09-09,144457,131022.5
2025-09-10,141439,128285.17
2025-09-11,146058,132474.61
2025-09-12,150636,136626.85
2025-09-13,157474,142828.92
2025-09-14,152502,138319.31
2025-09-15,148597,134777.48
2025-09-16,148869,135024.18
2025-09-17,146782,133131.27
2025-09-18,154160,139823.12
2025-09-19,148425,134621.48
2025-09-20,144599,131151.29
2025-09-21,143262,129938.63
2025-09-22,136979,124239.95
2025-09-23,139681,126690.67
2025-09-24,139341,126382.29
2025-09-25,129075,117071.03
2025-09-26,126631,114854.32
2025-09-27,127646,115774.92
2025-09-28,128057,116147.7
2025-09-29,131897,119630.58
2025-09-30,136135,123474.45
2025-10-01,138312,125448.98
2025-10-02,141785,128599.0
2025-10-03,144644,131192.11
2025-10-04,145425,131900.48
2025-10-05,146128,132538.1
2025-10-06,146960,133292.72
2025-10-07,186207,168889.75
2025-10-08,147018,133345.33
2025-10-09,141724,128543.67
2025-10-10,143495,130149.97
2025-10-11,337530,306139.71
2025-10-12,126025,114304.68
2025-10-13,137145,124390.51
2025-10-14,131754,119500.88
2025-10-15,134909,122362.46
2025-10-16,131881,119616.07
2025-10-17,126393,114638.45
2025-10-18,125880,114173.16
2025-10-19,126100,114372.7
2025-10-20,129635,117578.95
2025-10-21,125145,113506.51
2025-10-22,127279,115442.05
2025-10-23,123122,111671.65
2025-10-24,126713,114928.69
2025-10-25,126925,115120.98
2025-10-26,128374,116435.22
2025-10-27,135943,123300.3
2025-10-28,131890,119624.23
2025-10-29,128470,116522.29
2025-10-30,126014,114294.7
2025-10-31,125601,113920.11
2025-11-01,124198,112647.59
2025-11-02,122468,111078.48
2025-11-03,130980,118798.86
2025-11-04,118555,107529.39
2025-11-05,124784,113179.09
2025-11-06,109945,99720.12
2025-11-07,108869,98744.18
2025-11-08,112295,101851.57
2025-11-09,109727,99522.39
2025-11-10,117548,106616.04
2025-11-11,119005,107937.54
2025-11-12,114425,103783.48
2025-11-13,112823,102330.46
2025-11-14,109228,99069.8
2025-11-15,104805,95058.14
2025-11-16,102645,93099.01
2025-11-17,107814,97787.3
2025-11-18,106947,97000.93
2025-11-19,101768,92303.58
2025-11-20,114342,103708.19
2025-11-21,117514,106585.2
2025-11-22,92934,84291.14
2025-11-23,91306,82814.54
2025-11-24,90219,81828.63
2025-11-25,94743,85931.9
2025-11-26,93684,84971.39
2025-11-27,101118,91714.03
2025-11-28,98990,89783.93
2025-11-29,97522,88452.45
2025-11-30,96301,87345.01
2025-12-01,93446,84755.52
2025-12-02,93648,84938.74
2025-12-03,103761,94111.23
2025-12-04,95811,86900.58
2025-12-05,101157,91749.4
2025-12-06,97515,88446.1
2025-12-07,97520,88450.64
2025-12-08,103585,93951.6
2025-12-09,101410,91978.87
2025-12-10,108866,98741.46
2025-12-11,104065,94386.96
2025-12-12,105252,95463.56
2025-12-13,101957,92475.0
2025-12-14,99870,90582.09
2025-12-15,101742,92279.99
2025-12-16,97910,88804.37
2025-12-17,95805,86895.14
2025-12-18,94454,85669.78
2025-12-19,106246,96365.12
2025-12-20,98609,89438.36
2025-12-21,96784,87783.09
2025-12-22,100512,91164.38
2025-12-23,98169,89039.28
2025-12-24,122859,111433.11
2025-12-25,123533,112044.43
2025-12-26,125309,113655.26
2025-12-27,122591,111190.04
2025-12-28,123326,111856.68
2025-12-29,123427,111948.29
2025-12-30,125708,114017.16
2025-12-31,127777,115893.74
2026-01-01,126220,114481.54
2026-01-02,128915,116925.9
2026-01-03,131523,119291.36
2026-01-04,131002,118818.81
2026-01-05,133155,120771.59
2026-01-06,137604,124806.83
2026-01-07,136926,124191.88
2026-01-08,130359,118235.61
2026-01-09,129713,117649.69
2026-01-10,130213,118103.19
2026-01-11,128465,116517.76
2026-01-12,129032,117032.02
2026-01-13,130317,118197.52
2026-01-14,137991,125157.84
2026-01-15,139633,126647.13
2026-01-16,137021,124278.05
2026-01-17,136901,124169.21
2026-01-18,137411,124631.78
2026-01-19,136987,124247.21
2026-01-20,130051,117956.26
2026-01-21,123137,111685.26
2026-01-22,125468,113799.48
2026-01-23,122217,110850.82
2026-01-24,121925,110585.98
2026-01-25,121874,110539.72
2026-01-26,123625,112127.88
2026-01-27,122684,111274.39
2026-01-28,125844,114140.51
2026-01-29,121227,109952.89
2026-01-30,121318,110035.43
2026-01-31,113183,102656.98
2026-02-01,155744,141259.81
2026-02-02,107015,97062.6
2026-02-03,96476,87503.73
2026-02-04,100141,90827.89
2026-02-05,95275,86414.43
2026-02-06,134065,121596.96
2026-02-07,91256,82769.19
2026-02-08,93921,85186.35
2026-02-09,84528,76666.9
2026-02-10,83961,76152.63
2026-02-11,81058,73519.61
2026-02-12,84845,76954.42
2026-02-13,81767,74162.67
2026-02-14,87511,79372.48
2026-02-15,83483,75719.08
2026-02-16,84054,76236.98
2026-02-17,80887,73364.51
2026-02-18,81882,74266.97
2026-02-19,79834,72409.44
2026-02-20,81196,73644.77
2026-02-21,81157,73609.4
2026-02-22,81223,73669.26
2026-02-23,77842,70602.69
2026-02-24,76831,69685.72
2026-02-25,80052,72607.16
2026-02-26,87188,79079.52
2026-02-27,80690,73185.83
2026-02-28,78378,71088.85
2026-03-01,82341,74683.29
2026-03-02,81418,73846.13
2026-03-03,81580,73993.06
2026-03-04,86383,78349.38
2026-03-05,88852,80588.76
2026-03-06,83110,75380.77
2026-03-07,80471,72987.2
2026-03-08,78702,71382.71
2026-03-09,82060,74428.42
2026-03-10,84887,76992.51
2026-03-11,84128,76304.1
2026-03-12,87061,78964.33
2026-03-13,167931,152313.42
2026-03-14,86174,78159.82
2026-03-15,86560,78509.92
2026-03-16,99043,89832.0
2026-03-17,95219,86363.63
2026-03-18,93116,84456.21
2026-03-19,91330,82836.31
2026-03-20,90802,82357.41
2026-03-21,88625,80382.88
2026-03-22,104776,95031.83
2026-03-23,91399,82898.89
2026-03-24,90733,82294.83
2026-03-25,90610,82183.27
2026-03-26,87375,79249.12
2026-03-27,84452,76597.96
2026-03-28,82674,74985.32
2026-03-29,82482,74811.17
2026-03-30,86030,78029.21
2026-03-31,85286,77354.4
2026-04-01,89744,81397.81
2026-04-02,88589,80350.22
2026-04-03,86267,78244.17
2026-04-04,84494,76636.06
2026-04-05,84192,76362.14
2026-04-06,89530,81203.71
2026-04-07,87273,79156.61
2026-04-08,95619,86726.43
2026-04-09,90549,82127.94
2026-04-10,93153,84489.77
2026-04-11,93662,84951.43
2026-04-12,91780,83244.46
2026-04-13,92163,83591.84
2026-04-14,100587,91232.41
2026-04-15,97043,88018.0
2026-04-16,97512,88443.38
2026-04-17,101176,91766.63
2026-04-18,102022,92533.95
2026-04-19,109306,99140.54
2026-04-20,114346,103711.82
2026-04-21,104385,94677.2
2026-04-22,108531,98437.62
2026-04-23,105940,96087.58
2026-04-24,107308,97328.36
2026-04-25,100273,90947.61
2026-04-26,102968,93391.98
2026-04-27,101556,92111.29
2026-04-28,97549,88476.94
2026-04-29,98841,89648.79
2026-04-30,93965,85226.26
2026-05-01,94972,86139.6
2026-05-02,93135,84473.45
2026-05-03,93203,84535.12
2026-05-04,94334,85560.94
2026-05-05,96158,87215.31
2026-05-06,95212,86357.28
2026-05-07,94218,85455.73
2026-05-08,95272,86411.7
2026-05-09,92453,83854.87
2026-05-10,91586,83068.5
2026-05-11,94562,85767.73
2026-05-12,93301,84624.01
2026-05-13,91869,83325.18
2026-05-14,90596,82170.57
2026-05-15,88867,80602.37
2026-05-16,86194,78177.96
2026-05-17,85539,77583.87
2026-05-18,85724,77751.67
2026-05-19,83325,75575.78
2026-05-20,83363,75610.24
2026-05-21,83950,76142.65
2026-05-22,82292,74638.84
2026-05-23,78804,71475.23
2026-05-24,82690,74999.83
2026-05-25,82196,74551.77
2026-05-26,82475,74804.82
2026-05-27,81999,74373.09
2026-05-28,80733,73224.83
2026-05-29,79454,72064.78
2026-05-30,79505,72111.04
2026-05-31,78983,71637.58
2026-06-01,78030,70773.21
2026-06-02,78810,71480.67
2026-06-03,77868,70626.28
2026-06-04,74025,67140.68
2026-06-05,74805,67848.14
2026-06-06,80573,73079.71
2026-06-07,63316,57427.61
2026-06-08,71564,64908.55
2026-06-09,71657,64992.9
2026-06-10,64408,58418.06
2026-06-11,66034,59892.84
2026-06-12,66111,59962.68
2026-06-13,65426,59341.38
2026-06-14,64248,58272.94
2026-06-15,69006,62588.44
2026-06-16,72757,65990.6
2026-06-17,70007,63496.35
2026-06-18,69871,63373.0
2026-06-19,67684,61389.39
2026-06-20,66521,60334.55
2026-06-21,65919,59788.53
2026-06-22,69086,62661.0
2026-06-23,66527,60339.99
2026-06-24,64772,58748.2
2026-06-25,65746,59631.62
2026-06-26,69373,62921.31
2026-06-27,62509,56695.66
2026-06-28,60209,54609.56
2026-06-29,61440,55726.08
2026-06-30,62259,56468.91
2026-07-01,61455,55739.69
2026-07-02,66078,59932.75
2026-07-03,68108,61773.96
2026-07-04,68286,61935.4
2026-07-05,67701,61404.81
2026-07-06,66563,60372.64
2026-07-07,69728,63243.3
2026-07-08,68233,61887.33
2026-07-09,67087,60847.91
2026-07-10,68776,62379.83
2026-07-11,68630,62247.41
2026-07-12,68419,62056.03
2026-07-13,68023,61696.86
2026-07-14,69338,62889.57
2026-07-15,71916,65227.81
2026-07-16,71849,65167.04
2026-07-17,70066,63549.86
2026-07-18,70746,64166.62
2026-07-19,69638,63161.67
2026-07-20,72032,65333.02
2026-07-21,74043,67157.0
2026-07-22,74486,67558.8
2026-07-23,73351,66529.36
2026-07-24,72411,65676.78
2026-07-25,67294,61035.66
2026-07-26,76163,69079.84
2026-07-27,74755,67802.79
2026-07-28,73971,67091.7
2026-07-29,73762,66902.13
2026-07-30,77408,70209.06
2026-07-31,74442,67518.89
2026-08-01,73370,66546.59
2026-08-02,71598,64939.39
2026-08-03,70600,64034.2
2026-08-04,73077,66280.84
2026-08-05,73450,66619.15
2026-08-06,74736,67785.55
2026-08-07,74906,67939.74
2026-08-08,73073,66277.21
2026-08-09,75308,68304.36
2026-08-10,74304,67393.73
2026-08-11,73798,66934.79
2026-08-12,74344,67430.01
2026-08-13,73753,66893.97
2026-08-14,73374,66550.22
2026-08-15,73075,66279.03
2026-08-16,72294,65570.66
2026-08-17,74299,67389.19
2026-08-18,74489,67561.52
2026-08-19,75681,68642.67
2026-08-20,97492,88425.24
2026-08-21,96118,87179.03
2026-08-22,104463,94747.94
2026-08-23,96928,87913.7
2026-08-24,102665,93117.15
2026-08-25,101256,91839.19
2026-08-26,98351,89204.36
2026-08-27,99727,90452.39
2026-08-28,101152,91744.86
2026-08-29,97565,88491.46
2026-08-30,98513,89351.29
2026-08-31,101405,91974.34
2026-09-01,99105,89888.24
2026-09-02,94889,86064.32
2026-09-03,95933,87011.23
2026-09-04,103557,93926.2
2026-09-05,99701,90428.81
2026-09-06,101835,92364.35
2026-09-07,101935,92455.04
2026-09-08,100832,91454.62
2026-09-09,106262,96379.63
2026-09-10,100918,91532.63
2026-09-11,99838,90553.07
2026-09-12,107071,97113.4
2026-09-13,100374,91039.22
2026-09-14,102051,92560.26
2026-09-15,104121,94437.75
2026-09-16,99656,90387.99
2026-09-17,101363,91936.24
2026-09-18,103642,94003.29
2026-09-19,109211,99054.38
2026-09-20,105778,95940.65
