date,revenue_usd,source
2024-01-01,101847.27,mint_to_agent
2024-01-02,110026.06,mint_to_agent
2024-01-03,104097.69,mint_to_agent
2024-01-04,165372.76,mint_to_agent
2024-01-05,109971.7,mint_to_agent
2024-01-06,102806.52,mint_to_agent
2024-01-07,98620.9,mint_to_agent
2024-01-08,107213.82,mint_to_agent
2024-01-09,113674.63,mint_to_agent
2024-01-10,136046.32,mint_to_agent
2024-01-11,148260.52,mint_to_agent
2024-01-12,126844.34,mint_to_agent
2024-01-13,126021.45,mint_to_agent
2024-01-14,121550.53,mint_to_agent
2024-01-15,121668.49,mint_to_agent
2024-01-16,130769.65,mint_to_agent
2024-01-17,128938.56,mint_to_agent
2024-01-18,123977.9,mint_to_agent
2024-01-19,160849.04,mint_to_agent
2024-01-20,118430.99,mint_to_agent
2024-01-21,111638.72,mint_to_agent
2024-01-22,107545.68,mint_to_agent
2024-01-23,119625.93,mint_to_agent
2024-01-24,104081.17,mint_to_agent
2024-01-25,107082.9,mint_to_agent
2024-01-26,115987.17,mint_to_agent
2024-01-27,115177.76,mint_to_agent
2024-01-28,107152.51,mint_to_agent
2024-01-29,103244.95,mint_to_agent
2024-01-30,112248.74,mint_to_agent
2024-01-31,115153.57,mint_to_agent
2024-02-01,113448.93,mint_to_agent
2024-02-02,112175.45,mint_to_agent
2024-02-03,116620.23,mint_to_agent
2024-02-04,102715.39,mint_to_agent
2024-02-05,102418.86,mint_to_agent
2024-02-06,111201.32,mint_to_agent
2024-02-07,117357.68,mint_to_agent
2024-02-08,133200.62,mint_to_agent
2024-02-09,142618.65,mint_to_agent
2024-02-10,132257.54,mint_to_agent
2024-02-11,123419.76,mint_to_agent
2024-02-12,122046.77,mint_to_agent
2024-02-13,168488.77,mint_to_agent
2024-02-14,144308.28,mint_to_agent
2024-02-15,135468.16,mint_to_agent
2024-02-16,158447.6,mint_to_agent
2024-02-17,129340.1,mint_to_agent
2024-02-18,130194.97,mint_to_agent
2024-02-19,141487.79,mint_to_agent
2024-02-20,147433.1,mint_to_agent
2024-02-21,150103.35,mint_to_agent
2024-02-22,154479.58,mint_to_agent
2024-02-23,149481.75,mint_to_agent
2024-02-24,152896.09,mint_to_agent
2024-02-25,142359.48,mint_to_agent
2024-02-26,147530.96,mint_to_agent
2024-02-27,168444.65,mint_to_agent
2024-02-28,168599.48,mint_to_agent
2024-02-29,191700.2,mint_to_agent
2024-03-01,170320.68,mint_to_agent
2024-03-02,178115.23,mint_to_agent
2024-03-03,168642.58,mint_to_agent
2024-03-04,180877.44,mint_to_agent
2024-03-05,215803.72,mint_to_agent
2024-03-06,239078.79,mint_to_agent
2024-03-07,219524.19,mint_to_agent
2024-03-08,208173.05,mint_to_agent
2024-03-09,206112.67,mint_to_agent
2024-03-10,200601.93,mint_to_agent
2024-03-11,216462.75,mint_to_agent
2024-03-12,219238.95,mint_to_agent
2024-03-13,220225.83,mint_to_agent
2024-03-14,201472.77,mint_to_agent
2024-03-15,202935.65,mint_to_agent
2024-03-16,174620.61,mint_to_agent
2024-03-17,175878.67,mint_to_agent
2024-03-18,165549.56,mint_to_agent
2024-03-19,190613.77,mint_to_agent
2024-03-20,168675.1,mint_to_agent
2024-03-21,178331.86,mint_to_agent
2024-03-22,162131.94,mint_to_agent
2024-03-23,164761.39,mint_to_agent
2024-03-24,149285.09,mint_to_agent
2024-03-25,155743.63,mint_to_agent
2024-03-26,185115.69,mint_to_agent
2024-03-27,171575.05,mint_to_agent
2024-03-28,167538.35,mint_to_agent
2024-03-29,171755.75,mint_to_agent
2024-03-30,162777.24,mint_to_agent
2024-03-31,162558.97,mint_to_agent
2024-04-01,158309.35,mint_to_agent
2024-04-02,162229.31,mint_to_agent
2024-04-03,162661.95,mint_to_agent
2024-04-04,163439.52,mint_to_agent
2024-04-05,163685.3,mint_to_agent
2024-04-06,159358.02,mint_to_agent
2024-04-07,149018.14,mint_to_agent
2024-04-08,165469.46,mint_to_agent
2024-04-09,166519.81,mint_to_agent
2024-04-10,164695.8,mint_to_agent
2024-04-11,171617.03,mint_to_agent
2024-04-12,158574.66,mint_to_agent
2024-04-13,200921.02,mint_to_agent
2024-04-14,191030.91,mint_to_agent
2024-04-15,140802.57,mint_to_agent
2024-04-16,154267.24,mint_to_agent
2024-04-17,137223.98,mint_to_agent
2024-04-18,135679.0,mint_to_agent
2024-04-19,143370.32,mint_to_agent
2024-04-20,137242.61,mint_to_agent
2024-04-21,132101.34,mint_to_agent
2024-04-22,138497.87,mint_to_agent
2024-04-23,139561.78,mint_to_agent
2024-04-24,173752.34,mint_to_agent
2024-04-25,146433.16,mint_to_agent
2024-04-26,135922.63,mint_to_agent
2024-04-27,133672.92,mint_to_agent
2024-04-28,136862.67,mint_to_agent
2024-04-29,135828.74,mint_to_agent
2024-04-30,129877.96,mint_to_agent
2024-05-01,137435.29,mint_to_agent
2024-05-02,131744.94,mint_to_agent
2024-05-03,124099.11,mint_to_agent
2024-05-04,133971.66,mint_to_agent
2024-05-05,126177.5,mint_to_agent
2024-05-06,129256.39,mint_to_agent
2024-05-07,127126.28,mint_to_agent
2024-05-08,125706.46,mint_to_agent
2024-05-09,123249.8,mint_to_agent
2024-05-10,126683.38,mint_to_agent
2024-05-11,119570.67,mint_to_agent
2024-05-12,117114.78,mint_to_agent
2024-05-13,121875.5,mint_to_agent
2024-05-14,127583.01,mint_to_agent
2024-05-15,123449.3,mint_to_agent
2024-05-16,128855.3,mint_to_agent
2024-05-17,125290.64,mint_to_agent
2024-05-18,123707.15,mint_to_agent
2024-05-19,123476.18,mint_to_agent
2024-05-20,126122.74,mint_to_agent
2024-05-21,209567.07,mint_to_agent
2024-05-22,166975.9,mint_to_agent
2024-05-23,177434.9,mint_to_agent
2024-05-24,221990.13,mint_to_agent
2024-05-25,158979.73,mint_to_agent
2024-05-26,158891.32,mint_to_agent
2024-05-27,170675.99,mint_to_agent
2024-05-28,177256.43,mint_to_agent
2024-05-29,173257.15,mint_to_agent
2024-05-30,174415.82,mint_to_agent
2024-05-31,179938.38,mint_to_agent
2024-06-01,171029.29,mint_to_agent
2024-06-02,172856.78,mint_to_agent
2024-06-03,179428.47,mint_to_agent
2024-06-04,172777.01,mint_to_agent
2024-06-05,179132.58,mint_to_agent
2024-06-06,194654.0,mint_to_agent
2024-06-07,187120.76,mint_to_agent
2024-06-08,176681.14,mint_to_agent
2024-06-09,162424.69,mint_to_agent
2024-06-10,171177.04,mint_to_agent
2024-06-11,181488.81,mint_to_agent
2024-06-12,166772.67,mint_to_agent
2024-06-13,185756.13,mint_to_agent
2024-06-14,156660.04,mint_to_agent
2024-06-15,160343.31,mint_to_agent
2024-06-16,152238.41,mint_to_agent
2024-06-17,150112.54,mint_to_agent
2024-06-18,156651.69,mint_to_agent
2024-06-19,153516.18,mint_to_agent
2024-06-20,162015.91,mint_to_agent
2024-06-21,151520.72,mint_to_agent
2024-06-22,146829.51,mint_to_agent
2024-06-23,150556.72,mint_to_agent
2024-06-24,146120.54,mint_to_agent
2024-06-25,150620.91,mint_to_agent
2024-06-26,147101.68,mint_to_agent
2024-06-27,149803.67,mint_to_agent
2024-06-28,159506.28,mint_to_agent
2024-06-29,141420.74,mint_to_agent
2024-06-30,138936.56,mint_to_agent
2024-07-01,152089.13,mint_to_agent
2024-07-02,150007.06,mint_to_agent
2024-07-03,147313.18,mint_to_agent
2024-07-04,157642.21,mint_to_agent
2024-07-05,177810.96,mint_to_agent
2024-07-06,134524.16,mint_to_agent
2024-07-07,124855.99,mint_to_agent
2024-07-08,130425.26,mint_to_agent
2024-07-09,135130.89,mint_to_agent
2024-07-10,139523.87,mint_to_agent
2024-07-11,139380.0,mint_to_agent
2024-07-12,138077.44,mint_to_agent
2024-07-13,134809.89,mint_to_agent
2024-07-14,137277.39,mint_to_agent
2024-07-15,143635.98,mint_to_agent
2024-07-16,154815.27,mint_to_agent
2024-07-17,160384.55,mint_to_agent
2024-07-18,170649.35,mint_to_agent
2024-07-19,158340.21,mint_to_agent
2024-07-20,149151.47,mint_to_agent
2024-07-21,147091.11,mint_to_agent
2024-07-22,162234.9,mint_to_agent
2024-07-23,156799.31,mint_to_agent
2024-07-24,152552.57,mint_to_agent
2024-07-25,141863.6,mint_to_agent
2024-07-26,141822.77,mint_to_agent
2024-07-27,138073.34,mint_to_agent
2024-07-28,146659.83,mint_to_agent
2024-07-29,141119.13,mint_to_agent
2024-07-30,144687.49,mint_to_agent
2024-07-31,148452.18,mint_to_agent
2024-08-01,144419.25,mint_to_agent
2024-08-02,141394.66,mint_to_agent
2024-08-03,135644.08,mint_to_agent
2024-08-04,126939.93,mint_to_agent
2024-08-05,329146.87,mint_to_agent
2024-08-06,129913.55,mint_to_agent
2024-08-07,110454.61,mint_to_agent
2024-08-08,111190.0,mint_to_agent
2024-08-09,119644.04,mint_to_agent
2024-08-10,114104.85,mint_to_agent
2024-08-11,107768.39,mint_to_agent
2024-08-12,117779.74,mint_to_agent
2024-08-13,118359.8,mint_to_agent
2024-08-14,120876.78,mint_to_agent
2024-08-15,117466.99,mint_to_agent
2024-08-16,113199.41,mint_to_agent
2024-08-17,106151.66,mint_to_agent
2024-08-18,108846.91,mint_to_agent
2024-08-19,106890.32,mint_to_agent
2024-08-20,113013.45,mint_to_agent
2024-08-21,106740.48,mint_to_agent
2024-08-22,115672.31,mint_to_agent
2024-08-23,108188.81,mint_to_agent
2024-08-24,115885.37,mint_to_agent
2024-08-25,111106.12,mint_to_agent
2024-08-26,110553.5,mint_to_agent
2024-08-27,108263.55,mint_to_agent
2024-08-28,116873.06,mint_to_agent
2024-08-29,104931.0,mint_to_agent
2024-08-30,107468.16,mint_to_agent
2024-08-31,100731.76,mint_to_agent
2024-09-01,98428.31,mint_to_agent
2024-09-02,103019.43,mint_to_agent
2024-09-03,110938.23,mint_to_agent
2024-09-04,103875.27,mint_to_agent
2024-09-05,106818.07,mint_to_agent
2024-09-06,104106.24,mint_to_agent
2024-09-07,133823.27,mint_to_agent
2024-09-08,93919.14,mint_to_agent
2024-09-09,99164.65,mint_to_agent
2024-09-10,105088.5,mint_to_agent
2024-09-11,103899.33,mint_to_agent
2024-09-12,100875.97,mint_to_agent
2024-09-13,100214.63,mint_to_agent
2024-09-14,102282.27,mint_to_agent
2024-09-15,100144.08,mint_to_agent
2024-09-16,107839.17,mint_to_agent
2024-09-17,100446.07,mint_to_agent
2024-09-18,105603.74,mint_to_agent
2024-09-19,117303.19,mint_to_agent
2024-09-20,123291.2,mint_to_agent
2024-09-21,124774.19,mint_to_agent
2024-09-22,121083.34,mint_to_agent
2024-09-23,124614.72,mint_to_agent
2024-09-24,125460.38,mint_to_agent
2024-09-25,123043.41,mint_to_agent
2024-09-26,121943.89,mint_to_agent
2024-09-27,126988.03,mint_to_agent
2024-09-28,117101.59,mint_to_agent
2024-09-29,113017.39,mint_to_agent
2024-09-30,115559.87,mint_to_agent
2024-10-01,118250.63,mint_to_agent
2024-10-02,111816.62,mint_to_agent
2024-10-03,105604.11,mint_to_agent
2024-10-04,104265.32,mint_to_agent
2024-10-05,103512.96,mint_to_agent
2024-10-06,107465.61,mint_to_agent
2024-10-07,109779.98,mint_to_agent
2024-10-08,119400.37,mint_to_agent
2024-10-09,122938.36,mint_to_agent
2024-10-10,111217.71,mint_to_agent
2024-10-11,112629.89,mint_to_agent
2024-10-12,110518.64,mint_to_agent
2024-10-13,112065.97,mint_to_agent
2024-10-14,119669.66,mint_to_agent
2024-10-15,117696.13,mint_to_agent
2024-10-16,117502.45,mint_to_agent
2024-10-17,114097.53,mint_to_agent
2024-10-18,115148.88,mint_to_agent
2024-10-19,112056.1,mint_to_agent
2024-10-20,110587.28,mint_to_agent
2024-10-21,112219.12,mint_to_agent
2024-10-22,114018.95,mint_to_agent
2024-10-23,111314.21,mint_to_agent
2024-10-24,109826.18,mint_to_agent
2024-10-25,111085.45,mint_to_agent
2024-10-26,106062.81,mint_to_agent
2024-10-27,102335.96,mint_to_agent
2024-10-28,102869.28,mint_to_agent
2024-10-29,113925.21,mint_to_agent
2024-10-30,116995.6,mint_to_agent
2024-10-31,112832.21,mint_to_agent
2024-11-01,117817.86,mint_to_agent
2024-11-02,104369.25,mint_to_agent
2024-11-03,103606.35,mint_to_agent
2024-11-04,104096.55,mint_to_agent
2024-11-05,105196.74,mint_to_agent
2024-11-06,125298.8,mint_to_agent
2024-11-07,123944.0,mint_to_agent
2024-11-08,130565.84,mint_to_agent
2024-11-09,138985.64,mint_to_agent
2024-11-10,137707.9,mint_to_agent
2024-11-11,143268.66,mint_to_agent
2024-11-12,167388.12,mint_to_agent
2024-11-13,147033.56,mint_to_agent
2024-11-14,164942.17,mint_to_agent
2024-11-15,147461.65,mint_to_agent
2024-11-16,142722.97,mint_to_agent
2024-11-17,133730.87,mint_to_agent
2024-11-18,131142.56,mint_to_agent
2024-11-19,139919.86,mint_to_agent
2024-11-20,137896.32,mint_to_agent
2024-11-21,142250.33,mint_to_agent
2024-11-22,149855.81,mint_to_agent
2024-11-23,147569.25,mint_to_agent
2024-11-24,148556.68,mint_to_agent
2024-11-25,149445.54,mint_to_agent
2024-11-26,146989.05,mint_to_agent
2024-11-27,150483.19,mint_to_agent
2024-11-28,156059.22,mint_to_agent
2024-11-29,148960.42,mint_to_agent
2024-11-30,151517.53,mint_to_agent
2024-12-01,152403.27,mint_to_agent
2024-12-02,156358.89,mint_to_agent
2024-12-03,166079.57,mint_to_agent
2024-12-04,172864.34,mint_to_agent
2024-12-05,174031.32,mint_to_agent
2024-12-06,191231.11,mint_to_agent
2024-12-07,171198.01,mint_to_agent
2024-12-08,163039.36,mint_to_agent
2024-12-09,162646.69,mint_to_agent
2024-12-10,187909.51,mint_to_agent
2024-12-11,166825.51,mint_to_agent
2024-12-12,168064.23,mint_to_agent
2024-12-13,166004.55,mint_to_agent
2024-12-14,160002.22,mint_to_agent
2024-12-15,157214.25,mint_to_agent
2024-12-16,162412.44,mint_to_agent
2024-12-17,167456.88,mint_to_agent
2024-12-18,162695.44,mint_to_agent
2024-12-19,160912.11,mint_to_agent
2024-12-20,154302.57,mint_to_agent
2024-12-21,143829.4,mint_to_agent
2024-12-22,137584.89,mint_to_agent
2024-12-23,136731.39,mint_to_agent
2024-12-24,139224.95,mint_to_agent
2024-12-25,137396.25,mint_to_agent
2024-12-26,134277.52,mint_to_agent
2024-12-27,139584.04,mint_to_agent
2024-12-28,134272.84,mint_to_agent
2024-12-29,134828.0,mint_to_agent
2024-12-30,136425.47,mint_to_agent
2024-12-31,145290.64,mint_to_agent
2025-01-01,137361.53,mint_to_agent
2025-01-02,150035.99,mint_to_agent
2025-01-03,144923.11,mint_to_agent
2025-01-04,149677.95,mint_to_agent
2025-01-05,146756.76,mint_to_agent
2025-01-06,150289.27,mint_to_agent
2025-01-07,153931.14,mint_to_agent
2025-01-08,145723.02,mint_to_agent
2025-01-09,139643.4,mint_to_agent
2025-01-10,139526.04,mint_to_agent
2025-01-11,130307.94,mint_to_agent
2025-01-12,126433.32,mint_to_agent
2025-01-13,137168.7,mint_to_agent
2025-01-14,137278.77,mint_to_agent
2025-01-15,131501.1,mint_to_agent
2025-01-16,140194.43,mint_to_agent
2025-01-17,142520.74,mint_to_agent
2025-01-18,140726.85,mint_to_agent
2025-01-19,143038.14,mint_to_agent
2025-01-20,163393.22,mint_to_agent
2025-01-21,162885.41,mint_to_agent
2025-01-22,137926.05,mint_to_agent
2025-01-23,129800.23,mint_to_agent
2025-01-24,203879.15,mint_to_agent
2025-01-25,132313.96,mint_to_agent
2025-01-26,129221.14,mint_to_agent
2025-01-27,134134.49,mint_to_agent
2025-01-28,129173.07,mint_to_agent
2025-01-29,123883.15,mint_to_agent
2025-01-30,131499.18,mint_to_agent
2025-01-31,132700.8,mint_to_agent
2025-02-01,129878.91,mint_to_agent
2025-02-02,120227.5,mint_to_agent
2025-02-03,436994.41,mint_to_agent
2025-02-04,129796.6,mint_to_agent
2025-02-05,119869.54,mint_to_agent
2025-02-06,111022.41,mint_to_agent
2025-02-07,113198.24,mint_to_agent
2025-02-08,104701.07,mint_to_agent
2025-02-09,101165.43,mint_to_agent
2025-02-10,105672.02,mint_to_agent
2025-02-11,106030.09,mint_to_agent
2025-02-12,102440.99,mint_to_agent
2025-02-13,110858.13,mint_to_agent
2025-02-14,107948.54,mint_to_agent
2025-02-15,102552.1,mint_to_agent
2025-02-16,101244.75,mint_to_agent
2025-02-17,107514.49,mint_to_agent
2025-02-18,111688.54,mint_to_agent
2025-02-19,106948.08,mint_to_agent
2025-02-20,105275.37,mint_to_agent
2025-02-21,107824.08,mint_to_agent
2025-02-22,116215.88,mint_to_agent
2025-02-23,107367.83,mint_to_agent
2025-02-24,105641.55,mint_to_agent
2025-02-25,140192.41,mint_to_agent
2025-02-26,102303.24,mint_to_agent
2025-02-27,103536.47,mint_to_agent
2025-02-28,122285.9,mint_to_agent
2025-03-01,87371.48,mint_to_agent
2025-03-02,85601.59,mint_to_agent
2025-03-03,110085.87,mint_to_agent
2025-03-04,105943.23,mint_to_agent
2025-03-05,97231.0,mint_to_agent
2025-03-06,91264.14,mint_to_agent
2025-03-07,93601.32,mint_to_agent
2025-03-08,88855.65,mint_to_agent
2025-03-09,81392.5,mint_to_agent
2025-03-10,90566.69,mint_to_agent
2025-03-11,129175.67,mint_to_agent
2025-03-12,96182.8,mint_to_agent
2025-03-13,75139.53,mint_to_agent
2025-03-14,74794.93,mint_to_agent
2025-03-15,74754.97,mint_to_agent
2025-03-16,70835.82,mint_to_agent
2025-03-17,71299.37,mint_to_agent
2025-03-18,73516.27,mint_to_agent
2025-03-19,80579.36,mint_to_agent
2025-03-20,81577.46,mint_to_agent
2025-03-21,75531.75,mint_to_agent
2025-03-22,74417.54,mint_to_agent
2025-03-23,74677.36,mint_to_agent
2025-03-24,78256.98,mint_to_agent
2025-03-25,78274.72,mint_to_agent
2025-03-26,77462.24,mint_to_agent
2025-03-27,77414.88,mint_to_agent
2025-03-28,79915.93,mint_to_agent
2025-03-29,72987.99,mint_to_agent
2025-03-30,71081.47,mint_to_agent
2025-03-31,69808.14,mint_to_agent
2025-04-01,72930.08,mint_to_agent
2025-04-02,72159.7,mint_to_agent
2025-04-03,74958.31,mint_to_agent
2025-04-04,70639.28,mint_to_agent
2025-04-05,70166.97,mint_to_agent
2025-04-06,66486.59,mint_to_agent
2025-04-07,154654.69,mint_to_agent
2025-04-08,68509.4,mint_to_agent
2025-04-09,66568.97,mint_to_agent
2025-04-10,74247.47,mint_to_agent
2025-04-11,67989.79,mint_to_agent
2025-04-12,63248.88,mint_to_agent
2025-04-13,63268.51,mint_to_agent
2025-04-14,69062.7,mint_to_agent
2025-04-15,63841.62,mint_to_agent
2025-04-16,62316.01,mint_to_agent
2025-04-17,61416.0,mint_to_agent
2025-04-18,59907.5,mint_to_agent
2025-04-19,58683.02,mint_to_agent
2025-04-20,58477.46,mint_to_agent
2025-04-21,61610.51,mint_to_agent
2025-04-22,63121.74,mint_to_agent
2025-04-23,79169.48,mint_to_agent
2025-04-24,70459.46,mint_to_agent
2025-04-25,69291.81,mint_to_agent
2025-04-26,68001.8,mint_to_agent
2025-04-27,67053.05,mint_to_agent
2025-04-28,67325.27,mint_to_agent
2025-04-29,71385.58,mint_to_agent
2025-04-30,66369.57,mint_to_agent
2025-05-01,69499.65,mint_to_agent
2025-05-02,68448.51,mint_to_agent
2025-05-03,66846.55,mint_to_agent
2025-05-04,66096.75,mint_to_agent
2025-05-05,66602.56,mint_to_agent
2025-05-06,65485.96,mint_to_agent
2025-05-07,67112.52,mint_to_agent
2025-05-08,72241.57,mint_to_agent
2025-05-09,110534.11,mint_to_agent
2025-05-10,97903.72,mint_to_agent
2025-05-11,107742.58,mint_to_agent
2025-05-12,100424.27,mint_to_agent
2025-05-13,99044.44,mint_to_agent
2025-05-14,103429.92,mint_to_agent
2025-05-15,97252.63,mint_to_agent
2025-05-16,101339.99,mint_to_agent
2025-05-17,92617.77,mint_to_agent
2025-05-18,89032.93,mint_to_agent
2025-05-19,94946.45,mint_to_agent
2025-05-20,94147.33,mint_to_agent
2025-05-21,95300.16,mint_to_agent
2025-05-22,104392.51,mint_to_agent
2025-05-23,99734.2,mint_to_agent
2025-05-24,95962.72,mint_to_agent
2025-05-25,90357.16,mint_to_agent
2025-05-26,93710.51,mint_to_agent
2025-05-27,97471.54,mint_to_agent
2025-05-28,100987.1,mint_to_agent
2025-05-29,103423.94,mint_to_agent
2025-05-30,100711.26,mint_to_agent
2025-05-31,97263.09,mint_to_agent
2025-06-01,90316.92,mint_to_agent
2025-06-02,90653.14,mint_to_agent
2025-06-03,96526.12,mint_to_agent
2025-06-04,98413.85,mint_to_agent
2025-06-05,96883.36,mint_to_agent
2025-06-06,95357.58,mint_to_agent
2025-06-07,91538.05,mint_to_agent
2025-06-08,90067.99,mint_to_agent
2025-06-09,91076.43,mint_to_agent
2025-06-10,103803.44,mint_to_agent
2025-06-11,104464.24,mint_to_agent
2025-06-12,103262.02,mint_to_agent
2025-06-13,99534.7,mint_to_agent
2025-06-14,90179.85,mint_to_agent
2025-06-15,87251.75,mint_to_agent
2025-06-16,93495.8,mint_to_agent
2025-06-17,94705.02,mint_to_agent
2025-06-18,90511.95,mint_to_agent
2025-06-19,94054.99,mint_to_agent
2025-06-20,92473.18,mint_to_agent
2025-06-21,89463.02,mint_to_agent
2025-06-22,91676.88,mint_to_agent
2025-06-23,91431.58,mint_to_agent
2025-06-24,93854.61,mint_to_agent
2025-06-25,90362.07,mint_to_agent
2025-06-26,89288.27,mint_to_agent
2025-06-27,90183.96,mint_to_agent
2025-06-28,85951.14,mint_to_agent
2025-06-29,87438.33,mint_to_agent
2025-06-30,88302.2,mint_to_agent
2025-07-01,88769.22,mint_to_agent
2025-07-02,88681.75,mint_to_agent
2025-07-03,94671.78,mint_to_agent
2025-07-04,93045.04,mint_to_agent
2025-07-05,88758.91,mint_to_agent
2025-07-06,88855.99,mint_to_agent
2025-07-07,91698.19,mint_to_agent
2025-07-08,93378.59,mint_to_agent
2025-07-09,96476.67,mint_to_agent
2025-07-10,105686.69,mint_to_agent
2025-07-11,116770.58,mint_to_agent
2025-07-12,108318.05,mint_to_agent
2025-07-13,104872.31,mint_to_agent
2025-07-14,113542.69,mint_to_agent
2025-07-15,109688.9,mint_to_agent
2025-07-16,118864.76,mint_to_agent
2025-07-17,133256.7,mint_to_agent
2025-07-18,137717.23,mint_to_agent
2025-07-19,127247.1,mint_to_agent
2025-07-20,134641.63,mint_to_agent
2025-07-21,143865.03,mint_to_agent
2025-07-22,136128.09,mint_to_agent
2025-07-23,130760.71,mint_to_agent
2025-07-24,131922.01,mint_to_agent
2025-07-25,132883.45,mint_to_agent
2025-07-26,130024.02,mint_to_agent
2025-07-27,131813.33,mint_to_agent
2025-07-28,134168.11,mint_to_agent
2025-07-29,133387.16,mint_to_agent
2025-07-30,135157.88,mint_to_agent
2025-07-31,135286.36,mint_to_agent
2025-08-01,127132.34,mint_to_agent
2025-08-02,122114.23,mint_to_agent
2025-08-03,119726.57,mint_to_agent
2025-08-04,120164.22,mint_to_agent
2025-08-05,127106.43,mint_to_agent
2025-08-06,124825.17,mint_to_agent
2025-08-07,131596.95,mint_to_agent
2025-08-08,135559.37,mint_to_agent
2025-08-09,147111.66,mint_to_agent
2025-08-10,144357.64,mint_to_agent
2025-08-11,146600.1,mint_to_agent
2025-08-12,149090.77,mint_to_agent
2025-08-13,172116.73,mint_to_agent
2025-08-14,169509.57,mint_to_agent
2025-08-15,184771.01,mint_to_agent
2025-08-16,153863.92,mint_to_agent
2025-08-17,153965.61,mint_to_agent
2025-08-18,149109.03,mint_to_agent
2025-08-19,148696.8,mint_to_agent
2025-08-20,143005.82,mint_to_agent
2025-08-21,146605.29,mint_to_agent
2025-08-22,144116.29,mint_to_agent
2025-08-23,169408.15,mint_to_agent
2025-08-24,158806.13,mint_to_agent
2025-08-25,159595.72,mint_to_agent
2025-08-26,158114.55,mint_to_agent
2025-08-27,154454.77,mint_to_agent
2025-08-28,157400.38,mint_to_agent
2025-08-29,147179.68,mint_to_agent
2025-08-30,148905.93,mint_to_agent
2025-08-31,147585.97,mint_to_agent
2025-09-01,146141.21,mint_to_agent
2025-09-02,152780.76,mint_to_agent
2025-09-03,148125.44,mint_to_agent
2025-09-04,146494.02,mint_to_agent
2025-09-05,149387.31,mint_to_agent
2025-09-06,142431.37,mint_to_agent
2025-09-07,141710.79,mint_to_agent
2025-09-08,141042.59,mint_to_agent
2025-09-09,144146.37,mint_to_agent
2025-09-10,141146.74,mint_to_agent
2025-09-11,145719.55,mint_to_agent
2025-09-12,150289.46,mint_to_agent
2025-09-13,157125.72,mint_to_agent
2025-09-14,152093.91,mint_to_agent
2025-09-15,148225.49,mint_to_agent
2025-09-16,148568.35,mint_to_agent
2025-09-17,146486.24,mint_to_agent
2025-09-18,153864.35,mint_to_agent
2025-09-19,148127.13,mint_to_agent
2025-09-20,144324.18,mint_to_agent
2025-09-21,142956.08,mint_to_agent
2025-09-22,136958.74,mint_to_agent
2025-09-23,139684.04,mint_to_agent
2025-09-24,139369.44,mint_to_agent
2025-09-25,129078.83,mint_to_agent
2025-09-26,126577.51,mint_to_agent
2025-09-27,127570.36,mint_to_agent
2025-09-28,128287.15,mint_to_agent
2025-09-29,131780.97,mint_to_agent
2025-09-30,136267.93,mint_to_agent
2025-10-01,138418.76,mint_to_agent
2025-10-02,141833.33,mint_to_agent
2025-10-03,144711.06,mint_to_agent
2025-10-04,145480.02,mint_to_agent
2025-10-05,146163.25,mint_to_agent
2025-10-06,146953.17,mint_to_agent
2025-10-07,186199.87,mint_to_agent
2025-10-08,147078.77,mint_to_agent
2025-10-09,141764.2,mint_to_agent
2025-10-10,143562.85,mint_to_agent
2025-10-11,336090.69,mint_to_agent
2025-10-12,125973.0,mint_to_agent
2025-10-13,137108.76,mint_to_agent
2025-10-14,131675.59,mint_to_agent
2025-10-15,134846.5,mint_to_agent
2025-10-16,131844.75,mint_to_agent
2025-10-17,126339.14,mint_to_agent
2025-10-18,125840.47,mint_to_agent
2025-10-19,126044.76,mint_to_agent
2025-10-20,129562.49,mint_to_agent
2025-10-21,125087.66,mint_to_agent
2025-10-22,127241.83,mint_to_agent
2025-10-23,123096.38,mint_to_agent
2025-10-24,126584.77,mint_to_agent
2025-10-25,126804.52,mint_to_agent
2025-10-26,128258.42,mint_to_agent
2025-10-27,135755.26,mint_to_agent
2025-10-28,131772.72,mint_to_agent
2025-10-29,128387.1,mint_to_agent
2025-10-30,125933.15,mint_to_agent
2025-10-31,125521.52,mint_to_agent
2025-11-01,124084.3,mint_to_agent
2025-11-02,122355.33,mint_to_agent
2025-11-03,130881.0,mint_to_agent
2025-11-04,118462.55,mint_to_agent
2025-11-05,124812.18,mint_to_agent
2025-11-06,109935.36,mint_to_agent
2025-11-07,108886.11,mint_to_agent
2025-11-08,112307.47,mint_to_agent
2025-11-09,109746.47,mint_to_agent
2025-11-10,117574.54,mint_to_agent
2025-11-11,119064.53,mint_to_agent
2025-11-12,114474.63,mint_to_agent
2025-11-13,112914.49,mint_to_agent
2025-11-14,109260.75,mint_to_agent
2025-11-15,104829.0,mint_to_agent
2025-11-16,102742.85,mint_to_agent
2025-11-17,107869.98,mint_to_agent
2025-11-18,107005.17,mint_to_agent
2025-11-19,101778.91,mint_to_agent
2025-11-20,114389.15,mint_to_agent
2025-11-21,117472.59,mint_to_agent
2025-11-22,92926.92,mint_to_agent
2025-11-23,91342.49,mint_to_agent
2025-11-24,90247.14,mint_to_agent
2025-11-25,94693.45,mint_to_agent
2025-11-26,93692.97,mint_to_agent
2025-11-27,101105.11,mint_to_agent
2025-11-28,99015.39,mint_to_agent
2025-11-29,97577.69,mint_to_agent
2025-11-30,96353.1,mint_to_agent
2025-12-01,93511.29,mint_to_agent
2025-12-02,93645.72,mint_to_agent
2025-12-03,103759.49,mint_to_agent
2025-12-04,95820.95,mint_to_agent
2025-12-05,101115.56,mint_to_agent
2025-12-06,97489.55,mint_to_agent
2025-12-07,97490.21,mint_to_agent
2025-12-08,103490.32,mint_to_agent
2025-12-09,101292.84,mint_to_agent
2025-12-10,108747.3,mint_to_agent
2025-12-11,103962.81,mint_to_agent
2025-12-12,105118.05,mint_to_agent
2025-12-13,101865.03,mint_to_agent
2025-12-14,99796.39,mint_to_agent
2025-12-15,101682.4,mint_to_agent
2025-12-16,97807.54,mint_to_agent
2025-12-17,95704.66,mint_to_agent
2025-12-18,94385.48,mint_to_agent
2025-12-19,106177.44,mint_to_agent
2025-12-20,98509.74,mint_to_agent
2025-12-21,96698.48,mint_to_agent
2025-12-22,100469.2,mint_to_agent
2025-12-23,98072.33,mint_to_agent
2025-12-24,95750.96,mint_to_agent
2025-12-25,123529.61,fee_distributor_to_agent
2025-12-26,125294.39,fee_distributor_to_agent
2025-12-27,122577.22,fee_distributor_to_agent
2025-12-28,123304.71,fee_distributor_to_agent
2025-12-29,123380.86,fee_distributor_to_agent
2025-12-30,125649.3,fee_distributor_to_agent
2025-12-31,127755.3,fee_distributor_to_agent
2026-01-01,126137.06,fee_distributor_to_agent
2026-01-02,128897.58,fee_distributor_to_agent
2026-01-03,131549.78,fee_distributor_to_agent
2026-01-04,130815.6,fee_distributor_to_agent
2026-01-05,133142.38,fee_distributor_to_agent
2026-01-06,137379.93,fee_distributor_to_agent
2026-01-07,136895.92,fee_distributor_to_agent
2026-01-08,130332.63,fee_distributor_to_agent
2026-01-09,129605.73,fee_distributor_to_agent
2026-01-10,130228.97,fee_distributor_to_agent
2026-01-11,128457.34,fee_distributor_to_agent
2026-01-12,129014.12,fee_distributor_to_agent
2026-01-13,130292.58,fee_distributor_to_agent
2026-01-14,138185.62,fee_distributor_to_agent
2026-01-15,139620.99,fee_distributor_to_agent
2026-01-16,137065.66,fee_distributor_to_agent
2026-01-17,136724.7,fee_distributor_to_agent
2026-01-18,137317.49,fee_distributor_to_agent
2026-01-19,136861.83,fee_distributor_to_agent
2026-01-20,129934.37,fee_distributor_to_agent
2026-01-21,123031.43,fee_distributor_to_agent
2026-01-22,125458.92,fee_distributor_to_agent
2026-01-23,122183.99,fee_distributor_to_agent
2026-01-24,122015.25,fee_distributor_to_agent
2026-01-25,121827.6,fee_distributor_to_agent
2026-01-26,123574.16,fee_distributor_to_agent
2026-01-27,122635.08,fee_distributor_to_agent
2026-01-28,125835.39,fee_distributor_to_agent
2026-01-29,121317.16,fee_distributor_to_agent
2026-01-30,121243.34,fee_distributor_to_agent
2026-01-31,113286.99,fee_distributor_to_agent
2026-02-01,155642.37,fee_distributor_to_agent
2026-02-02,106945.94,fee_distributor_to_agent
2026-02-03,96413.23,fee_distributor_to_agent
2026-02-04,100013.89,fee_distributor_to_agent
2026-02-05,95192.09,fee_distributor_to_agent
2026-02-06,133902.86,fee_distributor_to_agent
2026-02-07,91109.53,fee_distributor_to_agent
2026-02-08,93728.89,fee_distributor_to_agent
2026-02-09,84352.34,fee_distributor_to_agent
2026-02-10,83801.86,fee_distributor_to_agent
2026-02-11,80904.61,fee_distributor_to_agent
2026-02-12,84695.08,fee_distributor_to_agent
2026-02-13,81667.2,fee_distributor_to_agent
2026-02-14,87363.94,fee_distributor_to_agent
2026-02-15,83378.77,fee_distributor_to_agent
2026-02-16,83978.1,fee_distributor_to_agent
2026-02-17,80791.22,fee_distributor_to_agent
2026-02-18,81750.57,fee_distributor_to_agent
2026-02-19,79699.6,fee_distributor_to_agent
2026-02-20,81054.69,fee_distributor_to_agent
2026-02-21,81005.33,fee_distributor_to_agent
2026-02-22,81068.24,fee_distributor_to_agent
2026-02-23,77697.7,fee_distributor_to_agent
2026-02-24,76669.33,fee_distributor_to_agent
2026-02-25,79981.85,fee_distributor_to_agent
2026-02-26,87099.46,fee_distributor_to_agent
2026-02-27,80592.62,fee_distributor_to_agent
2026-02-28,78318.67,fee_distributor_to_agent
2026-03-01,82236.82,fee_distributor_to_agent
2026-03-02,81327.57,fee_distributor_to_agent
2026-03-03,81503.13,fee_distributor_to_agent
2026-03-04,86294.71,fee_distributor_to_agent
2026-03-05,88764.48,fee_distributor_to_agent
2026-03-06,83017.75,fee_distributor_to_agent
2026-03-07,80403.35,fee_distributor_to_agent
2026-03-08,78627.75,fee_distributor_to_agent
2026-03-09,82004.36,fee_distributor_to_agent
2026-03-10,84820.42,fee_distributor_to_agent
2026-03-11,84047.89,fee_distributor_to_agent
2026-03-12,86982.62,fee_distributor_to_agent
2026-03-13,167766.19,fee_distributor_to_agent
2026-03-14,86071.96,fee_distributor_to_agent
2026-03-15,86462.34,fee_distributor_to_agent
2026-03-16,98938.35,fee_distributor_to_agent
2026-03-17,95113.48,fee_distributor_to_agent
2026-03-18,93177.28,fee_distributor_to_agent
2026-03-19,91256.69,fee_distributor_to_agent
2026-03-20,90741.39,fee_distributor_to_agent
2026-03-21,88538.99,fee_distributor_to_agent
2026-03-22,104695.11,fee_distributor_to_agent
2026-03-23,91311.55,fee_distributor_to_agent
2026-03-24,90625.33,fee_distributor_to_agent
2026-03-25,90524.12,fee_distributor_to_agent
2026-03-26,87266.72,fee_distributor_to_agent
2026-03-27,84510.18,fee_distributor_to_agent
2026-03-28,82633.38,fee_distributor_to_agent
2026-03-29,82398.44,fee_distributor_to_agent
2026-03-30,86062.72,fee_distributor_to_agent
2026-03-31,85294.14,fee_distributor_to_agent
2026-04-01,89595.43,fee_distributor_to_agent
2026-04-02,88484.93,fee_distributor_to_agent
2026-04-03,86162.19,fee_distributor_to_agent
2026-04-04,84406.15,fee_distributor_to_agent
2026-04-05,84137.32,fee_distributor_to_agent
2026-04-06,89488.07,fee_distributor_to_agent
2026-04-07,87226.9,fee_distributor_to_agent
2026-04-08,95571.18,fee_distributor_to_agent
2026-04-09,90488.91,fee_distributor_to_agent
2026-04-10,93089.28,fee_distributor_to_agent
2026-04-11,93667.59,fee_distributor_to_agent
2026-04-12,91740.42,fee_distributor_to_agent
2026-04-13,92131.3,fee_distributor_to_agent
2026-04-14,100520.53,fee_distributor_to_agent
2026-04-15,96983.15,fee_distributor_to_agent
2026-04-16,97423.03,fee_distributor_to_agent
2026-04-17,101078.92,fee_distributor_to_agent
2026-04-18,101923.06,fee_distributor_to_agent
2026-04-19,108642.19,fee_distributor_to_agent
2026-04-20,113550.16,fee_distributor_to_agent
2026-04-21,103758.47,fee_distributor_to_agent
2026-04-22,108118.32,fee_distributor_to_agent
2026-04-23,105682.64,fee_distributor_to_agent
2026-04-24,107023.38,fee_distributor_to_agent
2026-04-25,99922.56,fee_distributor_to_agent
2026-04-26,102595.32,fee_distributor_to_agent
2026-04-27,101201.97,fee_distributor_to_agent
2026-04-28,97231.24,fee_distributor_to_agent
2026-04-29,98620.15,fee_distributor_to_agent
2026-04-30,93856.67,fee_distributor_to_agent
2026-05-01,94849.49,fee_distributor_to_agent
2026-05-02,93004.72,fee_distributor_to_agent
2026-05-03,93019.73,fee_distributor_to_agent
2026-05-04,94056.39,fee_distributor_to_agent
2026-05-05,96055.75,fee_distributor_to_agent
2026-05-06,95085.28,fee_distributor_to_agent
2026-05-07,94161.8,fee_distributor_to_agent
2026-05-08,95293.81,fee_distributor_to_agent
2026-05-09,92444.49,fee_distributor_to_agent
2026-05-10,91576.45,fee_distributor_to_agent
2026-05-11,94587.12,fee_distributor_to_agent
2026-05-12,93306.64,fee_distributor_to_agent
2026-05-13,91876.04,fee_distributor_to_agent
2026-05-14,90609.8,fee_distributor_to_agent
2026-05-15,88840.44,fee_distributor_to_agent
2026-05-16,86121.25,fee_distributor_to_agent
2026-05-17,85504.94,fee_distributor_to_agent
2026-05-18,85697.09,fee_distributor_to_agent
2026-05-19,83269.03,fee_distributor_to_agent
2026-05-20,83360.39,fee_distributor_to_agent
2026-05-21,83925.59,fee_distributor_to_agent
2026-05-22,82236.48,fee_distributor_to_agent
2026-05-23,78760.94,fee_distributor_to_agent
2026-05-24,82582.59,fee_distributor_to_agent
2026-05-25,82157.79,fee_distributor_to_agent
2026-05-26,82453.65,fee_distributor_to_agent
2026-05-27,81947.51,fee_distributor_to_agent
2026-05-28,80664.47,fee_distributor_to_agent
2026-05-29,79390.97,fee_distributor_to_agent
2026-05-30,79464.6,fee_distributor_to_agent
2026-05-31,78939.87,fee_distributor_to_agent
2026-06-01,77991.29,fee_distributor_to_agent
2026-06-02,78742.8,fee_distributor_to_agent
2026-06-03,77797.08,fee_distributor_to_agent
2026-06-04,73953.29,fee_distributor_to_agent
2026-06-05,74718.1,fee_distributor_to_agent
2026-06-06,80445.59,fee_distributor_to_agent
2026-06-07,63244.45,fee_distributor_to_agent
2026-06-08,71504.8,fee_distributor_to_agent
2026-06-09,71603.15,fee_distributor_to_agent
2026-06-10,64352.64,fee_distributor_to_agent
2026-06-11,65983.93,fee_distributor_to_agent
2026-06-12,66005.85,fee_distributor_to_agent
2026-06-13,65358.25,fee_distributor_to_agent
2026-06-14,64199.71,fee_distributor_to_agent
2026-06-15,69002.71,fee_distributor_to_agent
2026-06-16,72753.99,fee_distributor_to_agent
2026-06-17,70014.95,fee_distributor_to_agent
2026-06-18,69817.27,fee_distributor_to_agent
2026-06-19,67647.01,fee_distributor_to_agent
2026-06-20,66596.84,fee_distributor_to_agent
2026-06-21,65954.12,fee_distributor_to_agent
2026-06-22,69118.16,fee_distributor_to_agent
2026-06-23,66487.0,fee_distributor_to_agent
2026-06-24,64763.42,fee_distributor_to_agent
2026-06-25,65704.93,fee_distributor_to_agent
2026-06-26,69358.92,fee_distributor_to_agent
2026-06-27,62510.22,fee_distributor_to_agent
2026-06-28,60212.79,fee_distributor_to_agent
2026-06-29,61455.15,fee_distributor_to_agent
2026-06-30,62179.38,fee_distributor_to_agent
2026-07-01,61416.96,fee_distributor_to_agent
2026-07-02,66055.44,fee_distributor_to_agent
2026-07-03,68048.66,fee_distributor_to_agent
2026-07-04,68192.77,fee_distributor_to_agent
2026-07-05,67657.46,fee_distributor_to_agent
2026-07-06,66512.93,fee_distributor_to_agent
2026-07-07,69806.08,fee_distributor_to_agent
2026-07-08,68251.89,fee_distributor_to_agent
2026-07-09,67074.4,fee_distributor_to_agent
2026-07-10,68688.75,fee_distributor_to_agent
2026-07-11,68521.29,fee_distributor_to_agent
2026-07-12,68346.5,fee_distributor_to_agent
2026-07-13,67969.16,fee_distributor_to_agent
2026-07-14,69271.67,fee_distributor_to_agent
2026-07-15,71856.06,fee_distributor_to_agent
2026-07-16,71790.68,fee_distributor_to_agent
2026-07-17,70098.56,fee_distributor_to_agent
2026-07-18,70656.03,fee_distributor_to_agent
2026-07-19,69566.43,fee_distributor_to_agent
2026-07-20,72030.07,fee_distributor_to_agent
2026-07-21,73960.58,fee_distributor_to_agent
2026-07-22,74407.85,fee_distributor_to_agent
2026-07-23,73321.0,fee_distributor_to_agent
2026-07-24,72384.58,fee_distributor_to_agent
2026-07-25,67373.51,fee_distributor_to_agent
2026-07-26,76201.97,fee_distributor_to_agent
2026-07-27,74797.3,fee_distributor_to_agent
2026-07-28,73994.92,fee_distributor_to_agent
2026-07-29,73780.41,fee_distributor_to_agent
2026-07-30,77420.45,fee_distributor_to_agent
2026-07-31,74459.71,fee_distributor_to_agent
2026-08-01,73401.35,fee_distributor_to_agent
2026-08-02,71616.82,fee_distributor_to_agent
2026-08-03,70617.92,fee_distributor_to_agent
2026-08-04,73005.57,fee_distributor_to_agent
2026-08-05,73367.74,fee_distributor_to_agent
2026-08-06,74651.68,fee_distributor_to_agent
2026-08-07,74909.64,fee_distributor_to_agent
2026-08-08,73079.15,fee_distributor_to_agent
2026-08-09,75333.9,fee_distributor_to_agent
2026-08-10,74307.88,fee_distributor_to_agent
2026-08-11,73829.07,fee_distributor_to_agent
2026-08-12,74363.52,fee_distributor_to_agent
2026-08-13,73742.36,fee_distributor_to_agent
2026-08-14,73381.65,fee_distributor_to_agent
2026-08-15,73084.06,fee_distributor_to_agent
2026-08-16,72303.54,fee_distributor_to_agent
2026-08-17,74284.61,fee_distributor_to_agent
2026-08-18,74432.31,fee_distributor_to_agent
2026-08-19,75597.53,fee_distributor_to_agent
2026-08-20,97415.67,fee_distributor_to_agent
2026-08-21,96026.52,fee_distributor_to_agent
2026-08-22,104370.38,fee_distributor_to_agent
2026-08-23,96961.55,fee_distributor_to_agent
2026-08-24,102647.52,fee_distributor_to_agent
2026-08-25,101265.5,fee_distributor_to_agent
2026-08-26,98368.66,fee_distributor_to_agent
2026-08-27,99720.21,fee_distributor_to_agent
2026-08-28,100977.58,fee_distributor_to_agent
2026-08-29,97590.72,fee_distributor_to_agent
2026-08-30,98538.41,fee_distributor_to_agent
2026-08-31,101442.64,fee_distributor_to_agent
2026-09-01,99147.43,fee_distributor_to_agent
2026-09-02,94866.68,fee_distributor_to_agent
2026-09-03,95964.86,fee_distributor_to_agent
2026-09-04,103446.54,fee_distributor_to_agent
2026-09-05,99634.62,fee_distributor_to_agent
2026-09-06,101766.61,fee_distributor_to_agent
2026-09-07,101874.3,fee_distributor_to_agent
2026-09-08,100759.04,fee_distributor_to_agent
2026-09-09,106172.74,fee_distributor_to_agent
2026-09-10,100851.23,fee_distributor_to_agent
2026-09-11,99794.79,fee_distributor_to_agent
2026-09-12,107019.43,fee_distributor_to_agent
2026-09-13,100337.46,fee_distributor_to_agent
2026-09-14,102010.36,fee_distributor_to_agent
2026-09-15,104065.32,fee_distributor_to_agent
2026-09-16,99636.38,fee_distributor_to_agent
2026-09-17,101291.95,fee_distributor_to_agent
2026-09-18,103523.16,fee_distributor_to_agent
2026-09-19,109145.79,fee_distributor_to_agent
2026-09-20,105703.71,fee_distributor_to_agent
2026-09-21,111118.51,fee_distributor_to_agent
2026-09-22,111653.44,fee_distributor_to_agent
2026-09-23,114001.6,fee_distributor_to_agent
2026-09-24,109498.64,fee_distributor_to_agent
2026-09-25,113412.48,fee_distributor_to_agent
2026-09-26,108865.64,fee_distributor_to_agent
2026-09-27,109067.74,fee_distributor_to_agent
2026-09-28,115119.26,fee_distributor_to_agent
