date,fee_steth_total,treasury_steth,treasury_usd
2025-12-06,66.3916,33.1958,100372.54
2025-12-07,66.4448,33.2224,100964.83
2025-12-08,68.068,34.034,104189.23
2025-12-09,67.1437,33.5718,111495.76
2025-12-10,67.9009,33.9505,112849.64
2025-12-11,67.324,33.662,111890.88
2025-12-12,67.1983,33.5992,111681.91
2025-12-13,67.5236,33.7618,104145.4
2025-12-14,66.6377,33.3188,103811.86
2025-12-15,66.8299,33.415,102282.49
2025-12-16,68.5957,34.2978,101677.28
2025-12-17,67.7,33.85,100349.61
2025-12-18,68.475,34.2375,96940.81
2025-12-19,74.1335,37.0668,104798.12
2025-12-20,68.2986,34.1493,96549.59
2025-12-21,67.4162,33.7081,100384.68
2025-12-22,68.1111,34.0555,102207.83
2025-12-23,68.3914,34.1957,102628.45
2025-12-24,67.8534,42.1112,124791.51
2025-12-25,68.1856,42.3174,124644.94
2025-12-26,68.2221,42.3401,122930.57
2025-12-27,67.5813,41.9423,121775.83
2025-12-28,67.6418,41.9799,123774.31
2025-12-29,68.0588,42.2387,124537.36
2025-12-30,68.0947,42.261,124031.29
2025-12-31,68.8889,42.7539,127041.49
2026-01-01,68.271,42.3704,125901.92
2026-01-02,68.3692,42.4313,132539.75
2026-01-03,68.5603,42.5499,132910.29
2026-01-04,67.3852,41.8207,130715.08
2026-01-05,67.6319,41.9737,131851.63
2026-01-06,68.459,42.4871,140043.37
2026-01-07,68.5146,42.5216,140157.12
2026-01-08,67.8488,42.1084,133350.46
2026-01-09,67.6681,41.9962,132995.26
2026-01-10,67.8047,42.081,129744.61
2026-01-11,66.7473,41.4247,127694.67
2026-01-12,66.8269,41.4742,129339.7
2026-01-13,67.1051,41.6468,128756.03
2026-01-14,67.5529,41.9247,139318.74
2026-01-15,67.1855,41.6967,139894.96
2026-01-16,66.86,41.4947,137654.83
2026-01-17,66.7238,41.4102,136472.26
2026-01-18,66.5638,41.3108,136144.83
2026-01-19,68.255,42.3605,139604.03
2026-01-20,67.2542,41.7393,122555.0
2026-01-21,68.1444,42.2918,124177.17
2026-01-22,67.6808,42.0041,125129.44
2026-01-23,67.027,41.5983,122840.31
2026-01-24,66.3492,41.1777,121598.02
2026-01-25,66.8331,41.478,122484.88
2026-01-26,68.326,42.4045,124114.66
2026-01-27,67.717,42.0266,123008.38
2026-01-28,66.7105,41.4019,121180.03
2026-01-29,66.7092,41.4011,124412.75
2026-01-30,70.9417,44.0279,124080.18
2026-01-31,69.2923,43.0042,116235.3
2026-02-01,105.4358,65.4356,159958.68
2026-02-02,74.8672,46.4642,105361.65
2026-02-03,67.8831,42.1296,95532.76
2026-02-04,71.4992,44.3739,100621.74
2026-02-05,75.0351,46.5683,84831.63
2026-02-06,112.8037,70.0083,127531.34
2026-02-07,71.3802,44.3001,92615.46
2026-02-08,71.4057,44.3159,92575.39
2026-02-09,67.2834,41.7575,87230.95
2026-02-10,67.2708,41.7497,87825.43
2026-02-11,66.7234,41.4099,83630.24
2026-02-12,68.8594,42.7356,86307.51
2026-02-13,67.3535,41.801,84420.01
2026-02-14,67.3669,41.8093,85633.35
2026-02-15,65.4347,40.6101,84694.0
2026-02-16,68.8511,42.7304,89115.98
2026-02-17,66.3621,41.1857,82267.19
2026-02-18,66.6596,41.3703,82397.29
2026-02-19,66.2473,41.1144,80352.82
2026-02-20,67.3305,41.7867,81409.2
2026-02-21,66.3084,41.1523,81009.2
2026-02-22,66.1883,41.0778,81067.1
2026-02-23,65.6722,40.7575,79779.94
2026-02-24,67.9065,42.1442,78064.89
2026-02-25,66.7944,41.454,76786.47
2026-02-26,68.4249,42.4659,86065.65
2026-02-27,66.5951,41.3303,83764.1
2026-02-28,67.6382,41.9777,85076.17
2026-03-01,67.0404,41.6067,81747.56
2026-03-02,67.7236,42.0306,81498.66
2026-03-03,66.6684,41.3758,82017.12
2026-03-04,68.23,42.345,83938.3
2026-03-05,67.5449,41.9198,89172.18
2026-03-06,65.4925,40.646,84228.24
2026-03-07,65.4069,40.5929,84118.14
2026-03-08,65.5939,40.7089,80175.38
2026-03-09,66.4196,41.2213,79811.12
2026-03-10,66.6412,41.3589,80077.49
2026-03-11,67.526,41.908,85343.56
2026-03-12,68.3346,42.4099,86996.24
2026-03-13,127.5467,79.1581,162378.64
2026-03-14,67.0779,41.6299,87131.47
2026-03-15,66.0521,40.9933,85944.45
2026-03-16,70.1016,43.5065,94744.9
2026-03-17,66.1808,41.0732,96570.48
2026-03-18,66.4873,41.2634,95653.53
2026-03-19,68.5426,42.539,98610.43
2026-03-20,68.3696,42.4316,90695.38
2026-03-21,66.494,41.2675,85755.98
2026-03-22,81.7017,50.7058,105369.1
2026-03-23,69.706,43.261,93076.0
2026-03-24,68.003,42.2041,90978.5
2026-03-25,67.532,41.9118,90348.39
2026-03-26,68.3985,42.4495,87417.57
2026-03-27,68.7578,42.6725,87876.83
2026-03-28,67.1519,41.6759,82969.15
2026-03-29,66.6743,41.3795,82459.77
2026-03-30,67.4164,41.84,82976.31
2026-03-31,67.793,42.0738,83439.84
2026-04-01,68.3855,42.4415,89333.33
2026-04-02,70.9998,44.0639,94255.37
2026-04-03,67.9277,42.1573,90177.08
2026-04-04,66.8845,41.5099,85233.99
2026-04-05,67.0083,41.5867,85898.2
2026-04-06,67.6373,41.9771,86704.5
2026-04-07,68.2315,42.3459,89256.68
2026-04-08,68.9835,42.8126,95983.22
2026-04-09,67.4352,41.8517,91612.03
2026-04-10,68.036,42.2245,94796.15
2026-04-11,67.7732,42.0615,94430.07
2026-04-12,67.5938,41.9501,91961.32
2026-04-13,68.525,42.528,100870.54
2026-04-14,68.8392,42.723,99255.03
2026-04-15,67.6521,41.9863,97543.32
2026-04-16,67.6638,41.9936,98630.26
2026-04-17,69.8521,43.3517,104954.85
2026-04-18,70.2612,43.6056,105569.53
2026-04-19,76.2428,47.3179,107166.01
2026-04-20,80.5418,49.9859,115718.42
2026-04-21,73.2697,45.4727,105270.2
2026-04-22,73.5924,45.6729,106304.69
2026-04-23,73.9777,45.9121,107013.33
2026-04-24,74.9363,46.507,107687.42
2026-04-25,70.4963,43.7514,101306.9
2026-04-26,71.6856,44.4895,105428.66
2026-04-27,71.3208,44.2632,104892.2
2026-04-28,69.8738,43.3651,99270.18
2026-04-29,69.1042,42.8875,98176.71
2026-04-30,67.7702,42.0596,94885.58
2026-05-01,67.7124,42.0237,94804.72
2026-05-02,65.9508,40.9304,92338.19
2026-05-03,65.1504,40.4337,93663.05
2026-05-04,65.8142,40.8457,94847.7
2026-05-05,65.8937,40.895,96556.76
2026-05-06,64.4307,39.987,94412.92
2026-05-07,65.9904,40.955,93835.26
2026-05-08,67.7364,42.0386,96318.05
2026-05-09,65.18,40.452,92682.93
2026-05-10,64.3744,39.9521,94640.08
2026-05-11,66.0917,41.0179,95965.48
2026-05-12,66.6285,41.351,96744.79
2026-05-13,65.1778,40.4507,92010.74
2026-05-14,65.5472,40.6799,92811.26
2026-05-15,64.214,39.8525,90923.52
2026-05-16,64.7391,40.1784,87584.16
2026-05-17,63.7333,39.5542,86223.41
2026-05-18,65.3479,40.5563,86323.62
2026-05-19,64.3893,39.9614,85057.33
2026-05-20,63.9794,39.7069,84468.11
2026-05-21,64.808,40.2212,85739.12
2026-05-22,63.1546,39.195,83551.67
2026-05-23,63.4073,39.3519,83257.17
2026-05-24,63.5953,39.4686,82810.55
2026-05-25,63.5629,39.4485,83283.97
2026-05-26,63.8215,39.6089,82023.34
2026-05-27,64.4976,40.0285,82892.26
2026-05-28,66.4014,41.2101,85339.12
2026-05-29,64.7124,40.1619,80814.89
2026-05-30,64.4146,39.977,80720.78
2026-05-31,63.8267,39.6121,79984.04
2026-06-01,64.4295,39.9863,80144.13
2026-06-02,65.0882,40.3951,80926.29
2026-06-03,67.7793,42.0652,78156.77
2026-06-04,69.1237,42.8996,75897.12
2026-06-05,73.2557,45.464,71861.31
2026-06-06,84.1285,52.2119,82527.12
2026-06-07,64.2236,39.8585,63001.11
2026-06-08,69.9474,43.4108,68615.95
2026-06-09,69.5691,43.176,70715.38
2026-06-10,64.839,40.2404,65907.41
2026-06-11,65.1107,40.409,67559.42
2026-06-12,64.3906,39.9621,66812.24
2026-06-13,63.6974,39.5319,65822.62
2026-06-14,62.6867,38.9046,67096.13
2026-06-15,63.935,39.6794,68432.24
2026-06-16,65.3676,40.5685,72832.95
2026-06-17,65.1919,40.4594,70720.68
2026-06-18,65.1686,40.445,70695.37
2026-06-19,65.2429,40.4911,69223.57
2026-06-20,62.9043,39.0397,66772.3
2026-06-21,62.6413,38.8765,66268.88
2026-06-22,63.854,39.6291,68428.37
2026-06-23,65.0802,40.3901,67272.56
2026-06-24,62.7347,38.9344,64848.05
2026-06-25,65.4375,40.6119,63551.11
2026-06-26,72.7249,45.1345,70628.35
2026-06-27,64.1111,39.7886,62726.4
2026-06-28,61.8156,38.3641,60480.56
2026-06-29,62.553,38.8217,60974.1
2026-06-30,64.2676,39.8858,64219.68
2026-07-01,63.4417,39.3732,63329.04
2026-07-02,64.5864,40.0836,68078.05
2026-07-03,63.4949,39.4062,66927.54
2026-07-04,62.4839,38.7788,68985.9
2026-07-05,61.8899,38.4101,68330.1
2026-07-06,61.3939,38.1023,67782.48
2026-07-07,62.8451,39.003,70106.69
2026-07-08,63.0047,39.102,68136.41
2026-07-09,62.024,38.4934,67075.83
2026-07-10,61.3234,38.0586,68339.1
2026-07-11,61.3649,38.0843,68385.4
2026-07-12,60.9323,37.8158,68277.96
2026-07-13,61.4599,38.1433,67654.02
2026-07-14,62.0779,38.5268,68334.26
2026-07-15,61.4682,38.1484,72080.71
2026-07-16,61.4217,38.1195,72026.11
2026-07-17,61.4715,38.1505,71077.4
2026-07-18,61.6712,38.2744,70459.43
2026-07-19,60.096,37.2968,68659.71
2026-07-20,61.6718,38.2748,72827.72
2026-07-21,61.5397,38.1928,72671.77
2026-07-22,62.1306,38.5595,74353.19
2026-07-23,61.2965,38.0419,71409.97
2026-07-24,61.9077,38.4212,72122.01
2026-07-25,58.0556,36.0305,67634.32
2026-07-26,65.093,40.398,78891.7
2026-07-27,62.6778,38.8991,75964.53
2026-07-28,62.1505,38.5719,74045.68
2026-07-29,62.4472,38.756,74399.18
2026-07-30,65.0525,40.3729,77503.05
2026-07-31,63.7623,39.5722,73619.76
2026-08-01,63.3667,39.3267,73162.93
2026-08-02,62.1394,38.565,71085.36
2026-08-03,61.8231,38.3687,72215.67
2026-08-04,62.8213,38.9882,72458.44
2026-08-05,62.9525,39.0696,73006.22
2026-08-06,63.0662,39.1402,74657.56
2026-08-07,62.6198,38.8632,73923.94
2026-08-08,61.3399,38.0688,72825.25
2026-08-09,63.3137,39.2938,75265.33
2026-08-10,62.4363,38.7492,73969.98
2026-08-11,62.7966,38.9728,72933.78
2026-08-12,62.5722,38.8336,73026.18
2026-08-13,63.3047,39.2882,73773.04
2026-08-14,63.0478,39.1288,73733.85
2026-08-15,62.7265,38.9293,73200.0
2026-08-16,62.0093,38.4842,72387.3
2026-08-17,62.8757,39.022,73142.81
2026-08-18,63.1463,39.1899,74941.65
2026-08-19,63.3761,39.3325,75376.85
2026-08-20,69.1006,42.8853,96566.09
2026-08-21,65.2924,40.5218,94275.23
2026-08-22,69.2823,42.998,108138.75
2026-08-23,64.4193,39.9799,96887.73
2026-08-24,66.4485,41.2393,101547.74
2026-08-25,66.123,41.0373,101849.57
2026-08-26,64.4159,39.9778,97626.23
2026-08-27,64.2082,39.8489,99874.94
2026-08-28,64.9752,40.325,101274.54
2026-08-29,64.5405,40.0552,97831.17
2026-08-30,64.5068,40.0343,98367.8
2026-08-31,66.4331,41.2298,99621.03
2026-09-01,64.9735,40.3239,99461.66
2026-09-02,64.0833,39.7714,96154.54
2026-09-03,64.3606,39.9435,95496.21
2026-09-04,65.9705,40.9426,102669.82
2026-09-05,65.3139,40.5352,99558.04
2026-09-06,65.4831,40.6402,100787.64
2026-09-07,65.8483,40.8668,102739.64
2026-09-08,65.634,40.7338,101402.71
2026-09-09,68.4254,42.4662,105531.46
2026-09-10,65.9539,40.9324,101001.86
2026-09-11,65.4456,40.6169,99004.06
2026-09-12,67.9558,42.1748,106063.29
2026-09-13,65.2778,40.5127,102305.62
2026-09-14,65.3788,40.5754,100492.34
2026-09-15,67.6319,41.9738,105553.94
2026-09-16,66.4024,41.2107,98802.62
2026-09-17,66.399,41.2086,99558.26
2026-09-18,66.5981,41.3321,101104.19
2026-09-19,66.6204,41.346,107977.53
2026-09-20,66.0607,40.9986,107908.84
2026-09-21,65.7277,40.792,107883.78
