timestamp,block,source,steth,steth_eth,eth_usd,usd
2024-01-01T12:22:35.000000Z,18912553,mint,44.24477,0.9995464223162088,2302.94984813,101847.27
2024-01-02T12:23:59.000000Z,18919675,mint,46.077095,0.9990219128666264,2390.20668257,110026.06
2024-01-03T12:22:23.000000Z,18926799,mint,47.361861,0.9994052890804024,2199.2301,104097.69
2024-01-04T12:22:11.000000Z,18933937,mint,74.175163,0.9995209016302309,2230.55838,165372.76
2024-01-05T12:22:35.000000Z,18941042,mint,49.049083,0.9990519307380481,2244.2021,109971.7
2024-01-06T12:23:35.000000Z,18948147,mint,45.946582,0.9993847757367545,2238.9,102806.52
2024-01-07T12:21:35.000000Z,18955169,mint,44.101241,0.9987834991769419,2238.96226,98620.9
2024-01-08T12:23:59.000000Z,18962276,mint,47.520427,0.999500663959339,2257.29,107213.82
2024-01-09T12:23:47.000000Z,18969381,mint,49.52637,0.9996133031303205,2296.1224,113674.63
2024-01-10T12:23:11.000000Z,18976524,mint,57.049581,0.9989827361604893,2387.1316,136046.32
2024-01-11T12:22:11.000000Z,18983652,mint,56.045556,0.9991271883980988,2647.66815064,148260.52
2024-01-12T12:22:23.000000Z,18990786,mint,47.416849,0.9990639208043166,2677.59655245,126844.34
2024-01-13T12:22:11.000000Z,18997940,mint,49.614873,0.9990480109363156,2542.41384182,126021.45
2024-01-14T12:22:11.000000Z,19005096,mint,47.965141,0.998606242278981,2537.68,121550.53
2024-01-15T12:23:23.000000Z,19012257,mint,47.935661,0.999545053519253,2539.3176,121668.49
2024-01-16T12:23:35.000000Z,19019425,mint,51.764754,0.9994281866697915,2527.67490314,130769.65
2024-01-17T12:23:35.000000Z,19026586,mint,50.751392,0.9996271795559258,2541.5391,128938.56
2024-01-18T12:22:23.000000Z,19033718,mint,49.308901,0.999699900733487,2515.06559955,123977.9
2024-01-19T12:22:11.000000Z,19040877,mint,64.714773,0.9993040461084358,2487.2382336,160849.04
2024-01-20T12:23:23.000000Z,19048053,mint,47.969719,0.9995869488685711,2469.89,118430.99
2024-01-21T12:22:35.000000Z,19055208,mint,45.192833,0.999411325354754,2471.73,111638.72
2024-01-22T12:23:35.000000Z,19062254,mint,45.338228,0.9994939344194582,2373.27620277,107545.68
2024-01-23T12:22:11.000000Z,19069339,mint,53.999163,0.9992088740147737,2217.08335016,119625.93
2024-01-24T12:24:59.000000Z,19076479,mint,46.42653,0.999492878937945,2242.98422831,104081.17
2024-01-25T12:22:11.000000Z,19083596,mint,48.093358,0.9992388496627896,2228.2592,107082.9
2024-01-26T12:23:23.000000Z,19090752,mint,51.428175,0.99978878783653,2255.8,115987.17
2024-01-27T12:23:11.000000Z,19097889,mint,50.821897,0.9995653722086573,2267.28720418,115177.76
2024-01-28T12:22:35.000000Z,19105007,mint,47.049523,0.9987854203488546,2280.21040965,107152.51
2024-01-29T12:24:59.000000Z,19112168,mint,45.649635,0.9996927340939876,2262.37691743,103244.95
2024-01-30T12:22:11.000000Z,19119295,mint,48.231548,0.99959978337907,2328.2206,112248.74
2024-01-31T12:23:35.000000Z,19126439,mint,50.177022,0.999616150741406,2295.8275647,115153.57
2024-02-01T12:21:35.000000Z,19133551,mint,50.162651,0.9987746476462844,2264.39619254,113448.93
2024-02-02T12:24:47.000000Z,19140693,mint,48.196065,1.0046264356450543,2316.76304495,112175.45
2024-02-03T12:21:47.000000Z,19147799,mint,50.571298,1.0013459024457354,2302.9562216,116620.23
2024-02-04T12:25:11.000000Z,19154933,mint,44.515063,1.0004499843041812,2306.39202206,102715.39
2024-02-05T12:23:23.000000Z,19162045,mint,44.029459,1.0003856192502116,2325.24726987,102418.86
2024-02-06T12:22:47.000000Z,19169172,mint,47.852441,1.00039999836168,2322.90874636,111201.32
2024-02-07T12:22:11.000000Z,19176285,mint,49.772691,0.9996665741294358,2358.65936674,117357.68
2024-02-08T12:21:59.000000Z,19183417,mint,54.960173,1.0003741682157812,2422.67800058,133200.62
2024-02-09T12:22:35.000000Z,19190540,mint,56.550718,1.001306217234595,2518.67,142618.65
2024-02-10T12:25:23.000000Z,19197695,mint,53.198475,1.0010112397901616,2483.6038,132257.54
2024-02-11T12:23:23.000000Z,19204795,mint,48.810309,0.9998652408132657,2528.9,123419.76
2024-02-12T12:21:59.000000Z,19211914,mint,49.097607,1.0001640797743598,2485.3909,122046.77
2024-02-13T12:23:11.000000Z,19219065,mint,62.811418,0.999699884421046,2683.25984,168488.77
2024-02-14T12:22:11.000000Z,19226178,mint,52.473989,0.9990929706338865,2752.58836058,144308.28
2024-02-15T12:21:59.000000Z,19233298,mint,48.556184,0.9995374325647162,2791.21702,135468.16
2024-02-16T12:23:23.000000Z,19240437,mint,56.13747,0.999699926843282,2823.34,158447.6
2024-02-17T12:22:23.000000Z,19247550,mint,46.479445,0.9997864542920543,2783.3319,129340.1
2024-02-18T12:23:11.000000Z,19254665,mint,46.467599,0.999599998787617,2802.96525522,130194.97
2024-02-19T12:25:59.000000Z,19261768,mint,48.562242,0.9994985807365527,2914.99654877,141487.79
2024-02-20T12:26:47.000000Z,19268909,mint,49.993278,0.999428031927881,2950.74617,147433.1
2024-02-21T12:24:35.000000Z,19276014,mint,51.604782,0.999299989191018,2910.74767442,150103.35
2024-02-22T12:22:11.000000Z,19283119,mint,51.685133,0.9993479456791979,2990.80931,154479.58
2024-02-23T12:22:23.000000Z,19290261,mint,50.882565,0.9993448432241276,2939.70527866,149481.75
2024-02-24T12:22:23.000000Z,19297418,mint,51.63731,0.9992888991211016,2963.0687,152896.09
2024-02-25T12:23:47.000000Z,19304573,mint,46.891193,0.9994579473908172,3037.6,142359.48
2024-02-26T12:24:35.000000Z,19311724,mint,48.563296,0.9994409522182861,3039.61,147530.96
2024-02-27T12:22:47.000000Z,19318861,mint,51.792711,0.9992737097372765,3254.64872493,168444.65
2024-02-28T12:25:47.000000Z,19326016,mint,51.044465,0.9993194814893926,3305.24170791,168599.48
2024-02-29T12:23:47.000000Z,19333148,mint,55.2658,0.9991190481346137,3471.7533,191700.2
2024-03-01T12:21:59.000000Z,19340292,mint,49.914415,0.9990029567385382,3415.66,170320.68
2024-03-02T12:22:47.000000Z,19347453,mint,52.213303,0.9993115092206563,3413.65,178115.23
2024-03-03T12:21:47.000000Z,19354611,mint,49.227153,0.9984839230502276,3431.00568,168642.58
2024-03-04T12:22:23.000000Z,19361768,mint,51.64209,0.9990529163308615,3505.84,180877.44
2024-03-05T12:22:35.000000Z,19368936,mint,57.451815,0.9987917102496282,3760.8,215803.72
2024-03-06T12:23:47.000000Z,19376108,mint,61.805055,0.9988,3872.92,239078.79
2024-03-07T12:22:47.000000Z,19383266,mint,58.045863,0.9997328168398352,3782.92,219524.19
2024-03-08T12:25:47.000000Z,19390436,mint,52.719569,0.9992125816763683,3951.79825582,208173.05
2024-03-09T12:21:59.000000Z,19397508,mint,52.681172,0.9983118737908433,3919.07,206112.67
2024-03-10T12:22:11.000000Z,19404661,mint,50.931949,0.9990507313242094,3942.369,200601.93
2024-03-11T12:23:35.000000Z,19411833,mint,53.717143,0.9986981998159856,4034.93,216462.75
2024-03-12T12:22:11.000000Z,19418968,mint,54.868578,0.9987503409262157,4000.71,219238.95
2024-03-13T12:21:59.000000Z,19426121,mint,54.405299,0.9987181584844784,4053.07,220225.83
2024-03-14T12:27:23.000000Z,19433243,mint,51.343067,0.998503862444197,3929.93,201472.77
2024-03-15T12:30:47.000000Z,19440360,mint,54.968612,0.9989805505584806,3695.613552,202935.65
2024-03-16T12:44:59.000000Z,19447539,mint,47.366205,0.9980636541457609,3693.76,174620.61
2024-03-17T12:23:47.000000Z,19454542,mint,49.210419,0.9986344451571848,3578.9,175878.67
2024-03-18T12:25:35.000000Z,19461669,mint,46.330119,0.9986863991625877,3577.96,165549.56
2024-03-19T12:23:59.000000Z,19468773,mint,58.5885,0.9985546621945081,3258.14237,190613.77
2024-03-20T12:23:35.000000Z,19475885,mint,50.546568,0.9988188271095172,3340.97,168675.1
2024-03-21T12:22:59.000000Z,19483012,mint,50.507203,0.9995666425951186,3532.35115774,178331.86
2024-03-22T12:25:23.000000Z,19490148,mint,47.609922,0.9985834235349693,3410.2542385,162131.94
2024-03-23T12:24:23.000000Z,19497279,mint,49.127106,0.9980470972983623,3360.34,164761.39
2024-03-24T12:24:23.000000Z,19504382,mint,44.263502,0.9979037481028735,3379.73,149285.09
2024-03-25T12:22:47.000000Z,19511466,mint,45.444014,0.9975144331069306,3435.69362,155743.63
2024-03-26T12:28:11.000000Z,19518615,mint,51.059426,0.997767081565318,3633.6084014,185115.69
2024-03-27T12:23:35.000000Z,19525632,mint,47.90754,0.9994786072757912,3583.24706,171575.05
2024-03-28T12:23:35.000000Z,19532586,mint,46.903392,0.9986214072127095,3576.9191,167538.35
2024-03-29T12:23:35.000000Z,19539636,mint,48.53472,0.9973514042950965,3548.22,171755.75
2024-03-30T12:23:59.000000Z,19546746,mint,45.873362,0.9966499827287973,3560.3316,162777.24
2024-03-31T12:23:23.000000Z,19553849,mint,45.178979,0.9963063769848003,3611.45,162558.97
2024-04-01T12:24:23.000000Z,19560957,mint,44.902745,0.9961150454920429,3539.35545849,158309.35
2024-04-02T12:23:35.000000Z,19568090,mint,49.23012,0.9971984854773478,3304.58407,162229.31
2024-04-03T12:26:11.000000Z,19575231,mint,48.977735,0.998599030151811,3325.8,162661.95
2024-04-04T12:23:23.000000Z,19582375,mint,48.952987,0.9984341208634807,3343.94,163439.52
2024-04-05T12:23:23.000000Z,19589513,mint,50.551994,0.9976827106027566,3245.48,163685.3
2024-04-06T12:21:59.000000Z,19596654,mint,47.901025,0.9984,3332.15,159358.02
2024-04-07T12:23:11.000000Z,19603793,mint,43.990012,0.9989604594677418,3391.07,149018.14
2024-04-08T12:24:35.000000Z,19610931,mint,45.411919,0.9981250027713005,3650.59,165469.46
2024-04-09T12:22:59.000000Z,19618058,mint,45.976287,0.9982999999999989,3628.0306,166519.81
2024-04-10T12:23:59.000000Z,19625206,mint,46.921134,0.998190173404626,3516.42,164695.8
2024-04-11T12:23:11.000000Z,19632355,mint,48.651471,0.9990752757428973,3530.74365,171617.03
2024-04-12T12:22:11.000000Z,19639495,mint,44.943781,0.9985055701514503,3533.57,158574.66
2024-04-13T12:24:23.000000Z,19646630,mint,61.603943,0.9973528220141301,3270.15278955,200921.02
2024-04-14T12:21:11.000000Z,19653737,mint,63.079234,0.9968185328109949,3038.09344,191030.91
2024-04-15T12:21:59.000000Z,19660878,mint,43.536683,0.9977471907841047,3241.41582002,140802.57
2024-04-16T12:24:23.000000Z,19668022,mint,50.369117,0.9978999999999998,3069.18,154267.24
2024-04-17T12:24:47.000000Z,19675174,mint,45.203266,0.9979202045496458,3042.03626486,137223.98
2024-04-18T12:24:35.000000Z,19682324,mint,44.772129,0.9985456815519228,3034.8481,135679.0
2024-04-19T12:24:23.000000Z,19689464,mint,46.211933,0.9989000000000001,3105.86877899,143370.32
2024-04-20T12:23:11.000000Z,19696598,mint,44.988914,0.9991770156829497,3053.1,137242.61
2024-04-21T12:21:59.000000Z,19703746,mint,41.705265,0.9992169675869026,3169.98,132101.34
2024-04-22T12:21:59.000000Z,19710908,mint,43.373202,0.9995215392128579,3194.6953,138497.87
2024-04-23T12:22:11.000000Z,19718065,mint,43.915374,0.9998123788896907,3178.56720009,139561.78
2024-04-24T12:23:35.000000Z,19725213,mint,53.044737,0.9994088676153932,3277.5186,173752.34
2024-04-25T12:23:23.000000Z,19732356,mint,46.783008,0.9992179017675238,3132.5,146433.16
2024-04-26T12:23:23.000000Z,19739508,mint,43.455443,0.9994510372783538,3129.58,135922.63
2024-04-27T12:22:23.000000Z,19746635,mint,42.615235,0.9991307137622307,3139.46939,133672.92
2024-04-28T12:26:11.000000Z,19753805,mint,41.734089,0.9990548202535847,3282.5,136862.67
2024-04-29T12:23:47.000000Z,19760948,mint,43.032038,0.9998231593058171,3157.01442655,135828.74
2024-04-30T12:22:11.000000Z,19768093,mint,43.243319,0.9994575731286837,3005.05254151,129877.96
2024-05-01T12:23:47.000000Z,19775256,mint,46.990769,0.9994004174544988,2926.48428,137435.29
2024-05-02T12:28:11.000000Z,19782437,mint,43.993,0.9993744642576406,2996.55406852,131744.94
2024-05-03T12:23:47.000000Z,19789566,mint,41.682453,0.9986384184833507,2981.31,124099.11
2024-05-04T12:25:11.000000Z,19796728,mint,42.639784,0.999459856515954,3143.63831,133971.66
2024-05-05T12:23:47.000000Z,19803871,mint,40.236387,0.9997071986860924,3136.8238,126177.5
2024-05-06T12:22:11.000000Z,19811012,mint,41.053113,0.9995509453629923,3149.93057533,129256.39
2024-05-07T12:23:11.000000Z,19818163,mint,41.494118,0.9993958936108651,3065.57,127126.28
2024-05-08T12:23:23.000000Z,19825318,mint,42.006755,0.9997894274211582,2993.16,125706.46
2024-05-09T12:21:59.000000Z,19832455,mint,41.427389,0.999407633491279,2976.84353661,123249.8
2024-05-10T12:23:35.000000Z,19839610,mint,41.771836,0.9995711508391034,3034.0475,126683.38
2024-05-11T12:28:11.000000Z,19846787,mint,41.204995,0.9996000000000004,2903.01,119570.67
2024-05-12T12:23:23.000000Z,19853916,mint,40.044126,0.9994897841312628,2926.1361,117114.78
2024-05-13T12:29:11.000000Z,19861099,mint,41.118124,0.9994356963080785,2965.70721722,121875.5
2024-05-14T12:22:11.000000Z,19868213,mint,43.939735,0.9995169773575368,2904.99390897,127583.01
2024-05-15T12:22:11.000000Z,19875350,mint,42.622972,0.9992501149640725,2898.48266077,123449.3
2024-05-16T12:24:35.000000Z,19882519,mint,43.142753,0.9992241066882386,2989.0387,128855.3
2024-05-17T12:23:35.000000Z,19889667,mint,41.320064,0.9993066805031705,3034.3022,125290.64
2024-05-18T12:21:59.000000Z,19896795,mint,39.456423,0.9986939452451051,3139.38578843,123707.15
2024-05-19T12:26:47.000000Z,19903973,mint,40.06135,0.9993568155112402,3084.16083616,123476.18
2024-05-20T12:24:59.000000Z,19911120,mint,40.760112,0.999314915797915,3096.38997057,126122.74
2024-05-21T12:22:23.000000Z,19918252,mint,55.716473,0.9992106518262409,3764.28386178,209567.07
2024-05-22T12:26:11.000000Z,19925409,mint,45.036783,0.9994000000000001,3709.77080339,166975.9
2024-05-23T12:23:35.000000Z,19932561,mint,45.061438,0.9996000000000005,3939.19741661,177434.9
2024-05-24T12:22:11.000000Z,19939713,mint,59.876395,0.9992943700303801,3710.0911,221990.13
2024-05-25T12:25:35.000000Z,19946878,mint,42.671061,0.9998429830414498,3726.2888157,158979.73
2024-05-26T12:22:59.000000Z,19954027,mint,41.780927,0.9994977558731102,3804.87393829,158891.32
2024-05-27T12:24:35.000000Z,19961193,mint,43.78968,0.9996999999999998,3898.8,170675.99
2024-05-28T12:26:11.000000Z,19968356,mint,45.462756,0.9998210088062919,3899.63531842,177256.43
2024-05-29T12:24:47.000000Z,19975505,mint,45.452054,0.9998632988331413,3812.3873,173257.15
2024-05-30T12:22:23.000000Z,19982634,mint,46.718882,0.9994494549861856,3735.36113,174415.82
2024-05-31T12:23:47.000000Z,19989791,mint,47.271494,0.99942709932974,3808.67,179938.38
2024-06-01T12:21:59.000000Z,19996936,mint,45.179862,0.9994279093947416,3787.68721268,171029.29
2024-06-02T12:22:35.000000Z,20004106,mint,45.456477,0.9994479767307665,3804.78794719,172856.78
2024-06-03T12:26:23.000000Z,20011286,mint,47.135533,0.9994000000000002,3808.93512684,179428.47
2024-06-04T12:27:23.000000Z,20018452,mint,45.931596,0.999696167920218,3762.75897024,172777.01
2024-06-05T12:23:59.000000Z,20025607,mint,47.093332,0.9996,3805.3,179132.58
2024-06-06T12:25:47.000000Z,20032774,mint,50.607699,0.9997910121999682,3847.1358,194654.0
2024-06-07T12:23:11.000000Z,20039927,mint,48.801893,0.9997557137149999,3835.23,187120.76
2024-06-08T12:21:59.000000Z,20047080,mint,48.035769,0.9995583199015283,3679.74155262,176681.14
2024-06-09T12:24:23.000000Z,20054247,mint,44.016482,0.9995010933606682,3691.93,162424.69
2024-06-10T12:21:59.000000Z,20061399,mint,46.628505,0.9996312743601665,3672.43567627,171177.04
2024-06-11T12:22:23.000000Z,20068554,mint,51.458249,0.9992474818303241,3529.57,181488.81
2024-06-12T12:24:35.000000Z,20075730,mint,47.177377,0.9997097162907369,3536.04,166772.67
2024-06-13T12:27:47.000000Z,20082898,mint,53.124472,0.9997000000000004,3497.67,185756.13
2024-06-14T12:23:47.000000Z,20090022,mint,44.570959,0.9998324242845478,3515.43475785,156660.04
2024-06-15T12:24:59.000000Z,20097176,mint,45.33091,0.9997351803923064,3538.1109,160343.31
2024-06-16T12:23:35.000000Z,20104330,mint,42.875139,0.9997335520331221,3551.6849,152238.41
2024-06-17T12:22:47.000000Z,20111477,mint,42.650127,0.9997121188809965,3520.64064123,150112.54
2024-06-18T12:23:23.000000Z,20118617,mint,46.162731,0.9996102240388375,3394.79,156651.69
2024-06-19T12:22:35.000000Z,20125757,mint,43.497309,0.9998313127537424,3529.92146291,153516.18
2024-06-20T12:25:47.000000Z,20132926,mint,45.030182,0.999714754696769,3598.96696406,162015.91
2024-06-21T12:24:59.000000Z,20140081,mint,43.521869,0.9997524864125343,3482.34658,151520.72
2024-06-22T12:27:47.000000Z,20147242,mint,42.043962,0.9997999999999998,3492.98381711,146829.51
2024-06-23T12:23:23.000000Z,20154363,mint,43.085555,0.9998044554054459,3495.05,150556.72
2024-06-24T12:25:11.000000Z,20161526,mint,44.013164,0.9998999999999997,3320.26,146120.54
2024-06-25T12:23:47.000000Z,20168672,mint,44.640889,0.9994023737729921,3376.0747,150620.91
2024-06-26T12:22:11.000000Z,20175834,mint,43.548568,0.9997473216310605,3378.73,147101.68
2024-06-27T12:23:11.000000Z,20182999,mint,43.765215,0.9998448305569475,3423.42474538,149803.67
2024-06-28T12:22:11.000000Z,20190154,mint,46.278813,0.9998078309568293,3447.29969342,159506.28
2024-06-29T12:30:11.000000Z,20197351,mint,41.628926,0.9999717204753874,3397.27095632,141420.74
2024-06-30T12:26:11.000000Z,20204491,mint,41.067239,0.9999994774586515,3383.15,138936.56
2024-07-01T12:28:59.000000Z,20211671,mint,44.040595,0.9996434438815588,3454.61676797,152089.13
2024-07-02T12:24:11.000000Z,20218812,mint,43.531544,0.9998373047570428,3446.5,150007.06
2024-07-03T12:24:59.000000Z,20225964,mint,44.581358,0.9996059116813499,3305.67,147313.18
2024-07-04T12:23:47.000000Z,20233128,mint,50.18504,0.9998278939089117,3141.76,157642.21
2024-07-05T12:22:35.000000Z,20240276,mint,60.466069,0.9994743508303063,2942.22,177810.96
2024-07-06T12:23:23.000000Z,20247439,mint,44.769463,0.9989849435587596,3007.87271212,134524.16
2024-07-07T12:22:11.000000Z,20254603,mint,41.419096,0.9990920955889928,3017.19402,124855.99
2024-07-08T12:23:47.000000Z,20261767,mint,42.728847,0.9986748280148112,3056.44396456,130425.26
2024-07-09T12:24:23.000000Z,20268914,mint,43.780002,0.9996079537052727,3087.8,135130.89
2024-07-10T12:25:23.000000Z,20276084,mint,45.00517,0.9996,3101.41486,139523.87
2024-07-11T12:22:59.000000Z,20283238,mint,44.202844,0.9997278888157201,3154.04897544,139380.0
2024-07-12T12:23:23.000000Z,20290395,mint,45.031393,0.9997582426672523,3066.99,138077.44
2024-07-13T12:22:23.000000Z,20297558,mint,42.695699,0.9997078207156657,3158.3811419,134809.89
2024-07-14T12:21:59.000000Z,20304711,mint,42.875642,0.9997135681093623,3202.6744,137277.39
2024-07-15T12:23:35.000000Z,20311888,mint,42.97198,0.9997755840279302,3343.3,143635.98
2024-07-16T12:24:35.000000Z,20319052,mint,45.308117,0.9998972468199072,3417.2945,154815.27
2024-07-17T12:24:23.000000Z,20326229,mint,46.48322,0.9998732641729395,3450.81250433,160384.55
2024-07-18T12:24:59.000000Z,20333389,mint,49.417466,0.9998000000000001,3453.91016433,170649.35
2024-07-19T12:24:35.000000Z,20340559,mint,46.579463,1.0003362294747526,3398.21402116,158340.21
2024-07-20T12:24:59.000000Z,20347725,mint,42.790401,0.9997989576049446,3486.33,149151.47
2024-07-21T12:24:11.000000Z,20354893,mint,42.057966,0.9995266749235181,3498.99874,147091.11
2024-07-22T12:23:35.000000Z,20362047,mint,46.368547,0.9998598441405077,3499.304,162234.9
2024-07-23T12:22:23.000000Z,20369203,mint,44.566955,0.9998897181838894,3518.6743823,156799.31
2024-07-24T12:26:59.000000Z,20376397,mint,44.056211,0.9998096192280115,3463.33960338,152552.57
2024-07-25T12:23:47.000000Z,20383539,mint,44.703815,0.9995684458100139,3174.78158252,141863.6
2024-07-26T12:24:35.000000Z,20390706,mint,43.71583,0.9992321622274208,3246.69,141822.77
2024-07-27T12:25:11.000000Z,20397869,mint,41.912088,0.999746984366609,3295.18969676,138073.34
2024-07-28T12:22:47.000000Z,20405018,mint,45.042007,0.9996809642689896,3257.10685694,146659.83
2024-07-29T12:22:35.000000Z,20412190,mint,41.817634,0.9998839730629143,3375.02358651,141119.13
2024-07-30T12:22:23.000000Z,20419341,mint,43.370022,0.999874792752816,3336.53532106,144687.49
2024-07-31T12:23:11.000000Z,20426509,mint,44.723555,0.9998568843178895,3319.80383252,148452.18
2024-08-01T12:29:11.000000Z,20433700,mint,45.294243,0.9998954039014948,3188.80156605,144419.25
2024-08-02T12:30:35.000000Z,20440871,mint,44.835415,0.9996443071088819,3154.76,141394.66
2024-08-03T12:27:47.000000Z,20448013,mint,45.325373,0.9994604150792159,2994.29,135644.08
2024-08-04T12:25:23.000000Z,20455178,mint,43.617147,0.99944845447397,2911.92774716,126939.93
2024-08-05T12:24:35.000000Z,20462346,mint,147.665008,0.992380021184665,2246.12602473,329146.87
2024-08-06T12:22:23.000000Z,20469501,mint,53.009074,0.9973547551340175,2457.27949589,129913.55
2024-08-07T12:24:11.000000Z,20476673,mint,44.883996,0.9987702283164923,2463.92073905,110454.61
2024-08-08T12:22:11.000000Z,20483837,mint,45.411139,0.9990404174813495,2450.87,111190.0
2024-08-09T12:22:47.000000Z,20491015,mint,45.474306,0.9980559340196707,2636.15,119644.04
2024-08-10T12:22:47.000000Z,20498180,mint,43.318017,0.9996531946137637,2635.03372,114104.85
2024-08-11T12:23:11.000000Z,20505344,mint,40.837427,0.9997039519472846,2639.74290638,107768.39
2024-08-12T12:23:35.000000Z,20512509,mint,44.06623,0.99976347773378,2673.42133267,117779.74
2024-08-13T12:23:47.000000Z,20519679,mint,44.807916,0.9997132355670045,2642.25084,118359.8
2024-08-14T12:24:11.000000Z,20526850,mint,43.841748,0.9998244485338683,2757.6,120876.78
2024-08-15T12:21:59.000000Z,20533997,mint,44.571025,1.0001782732303186,2635.03141775,117466.99
2024-08-16T12:23:23.000000Z,20541167,mint,43.566787,0.9998999999999995,2598.5559,113199.41
2024-08-17T12:21:59.000000Z,20548313,mint,40.856996,0.9996679335465757,2598.99,106151.66
2024-08-18T12:25:11.000000Z,20555496,mint,41.117651,0.9996965618610253,2648.01,108846.91
2024-08-19T12:24:35.000000Z,20562656,mint,41.418212,1.000177029212283,2580.2997,106890.32
2024-08-20T12:25:23.000000Z,20569817,mint,42.735035,0.9998620857210716,2644.88,113013.45
2024-08-21T12:23:11.000000Z,20576974,mint,41.384005,0.9994067052204535,2580.8,106740.48
2024-08-22T12:25:23.000000Z,20584130,mint,43.762332,0.9997115501180731,2643.956121,115672.31
2024-08-23T12:24:35.000000Z,20591279,mint,40.772991,0.9997374003418951,2654.14,108188.81
2024-08-24T12:21:59.000000Z,20598426,mint,41.976601,0.9997674437690458,2761.3558,115885.37
2024-08-25T12:21:59.000000Z,20605574,mint,40.375674,0.9997188281035941,2752.58228752,111106.12
2024-08-26T12:28:23.000000Z,20612765,mint,40.350997,0.9998343711866563,2740.25,110553.5
2024-08-27T12:26:59.000000Z,20619914,mint,41.207167,0.9997484937660163,2627.96,108263.55
2024-08-28T12:26:11.000000Z,20627077,mint,46.238048,0.9997975660152447,2528.15,116873.06
2024-08-29T12:25:47.000000Z,20634227,mint,41.027544,0.9996458777354371,2558.480414,104931.0
2024-08-30T12:23:11.000000Z,20641368,mint,42.792646,0.9996000000000002,2512.3747,107468.16
2024-08-31T12:24:47.000000Z,20648536,mint,39.907816,0.999620256759369,2525.07,100731.76
2024-09-01T12:23:35.000000Z,20655695,mint,39.768041,0.9998912032879943,2475.33,98428.31
2024-09-02T12:22:23.000000Z,20662854,mint,40.932599,0.9999191219446977,2517.01,103019.43
2024-09-03T12:29:35.000000Z,20670057,mint,44.207305,0.9997728941063653,2510.07,110938.23
2024-09-04T12:31:11.000000Z,20677234,mint,43.252241,1.0008845985434778,2399.49342706,103875.27
2024-09-05T12:28:47.000000Z,20684387,mint,44.932707,0.9997098256923083,2377.98,106818.07
2024-09-06T12:26:35.000000Z,20691544,mint,43.855555,0.9993701385638177,2375.34,104106.24
2024-09-07T12:24:59.000000Z,20698706,mint,58.631332,0.9993533974288715,2283.93,133823.27
2024-09-08T12:24:47.000000Z,20705873,mint,40.927948,0.9994572811693917,2295.9894,93919.14
2024-09-09T12:24:35.000000Z,20713034,mint,42.896213,0.9988001937741281,2314.5113,99164.65
2024-09-10T12:22:59.000000Z,20720188,mint,44.718146,0.9992682980374825,2351.74,105088.5
2024-09-11T12:20:59.000000Z,20727331,mint,44.661339,0.9996000000000003,2327.31277175,103899.33
2024-09-12T12:26:23.000000Z,20734520,mint,42.942852,0.9998247684258805,2349.48644942,100875.97
2024-09-13T12:23:47.000000Z,20741673,mint,42.536732,0.9992090530725298,2357.82,100214.63
2024-09-14T12:24:35.000000Z,20748828,mint,42.348496,0.9997000000000003,2415.976235,102282.27
2024-09-15T12:23:23.000000Z,20755992,mint,41.615104,0.9996530444476992,2407.27099434,100144.08
2024-09-16T12:23:35.000000Z,20763155,mint,46.747635,0.9996835826801412,2307.567,107839.17
2024-09-17T12:23:35.000000Z,20770307,mint,43.515735,0.9995653953015746,2309.27373295,100446.07
2024-09-18T12:23:47.000000Z,20777452,mint,45.876363,0.9992999999999999,2303.5329,105603.74
2024-09-19T12:24:11.000000Z,20784619,mint,47.919987,0.9996761060135012,2448.69,117303.19
2024-09-20T12:29:23.000000Z,20791805,mint,48.485321,0.9992853792117876,2544.6747,123291.2
2024-09-21T12:24:23.000000Z,20798931,mint,48.838081,0.9995785956037604,2555.93151951,124774.19
2024-09-22T12:22:59.000000Z,20806090,mint,46.913152,0.9993133267073319,2582.78409306,121083.34
2024-09-23T12:25:59.000000Z,20813269,mint,47.125419,0.9995251593243226,2645.576901,124614.72
2024-09-24T12:28:35.000000Z,20820457,mint,47.540985,0.9999739122728607,2639.0629,125460.38
2024-09-25T12:23:11.000000Z,20827594,mint,47.070796,0.999751024701288,2614.65834586,123043.41
2024-09-26T12:23:35.000000Z,20834766,mint,46.482046,0.9998721796629663,2623.79745473,121943.89
2024-09-27T12:24:35.000000Z,20841943,mint,47.959725,0.9996942630797035,2648.615513,126988.03
2024-09-28T12:29:59.000000Z,20849141,mint,44.021472,0.9997139264899967,2660.86275716,117101.59
2024-09-29T12:30:11.000000Z,20856306,mint,42.620713,0.9995420107359666,2652.916009,113017.39
2024-09-30T12:24:47.000000Z,20863452,mint,43.95589,0.9992915418246678,2630.86,115559.87
2024-10-01T12:22:47.000000Z,20870618,mint,44.98892,0.9994710598453254,2629.83,118250.63
2024-10-02T12:25:59.000000Z,20877805,mint,45.543387,0.9997099403570149,2455.879415,111816.62
2024-10-03T12:22:11.000000Z,20884959,mint,44.926575,1.0008350508305495,2348.6321,105604.11
2024-10-04T12:23:23.000000Z,20892134,mint,43.834822,0.9997837972040087,2379.11,104265.32
2024-10-05T12:22:47.000000Z,20899308,mint,42.827713,0.9997609134557731,2417.54,103512.96
2024-10-06T12:29:47.000000Z,20906516,mint,44.209038,0.9997578466258193,2431.4404,107465.61
2024-10-07T12:29:23.000000Z,20913689,mint,44.419369,0.9997386111334509,2472.09,109779.98
2024-10-08T12:26:59.000000Z,20920852,mint,48.97319,0.99955629,2439.158559,119400.37
2024-10-09T12:23:59.000000Z,20928010,mint,50.380966,0.9996453624721294,2441.0404,122938.36
2024-10-10T12:25:59.000000Z,20935199,mint,46.365488,0.9993490414029557,2400.28,111217.71
2024-10-11T12:23:35.000000Z,20942353,mint,46.623295,0.999529435547192,2416.88,112629.89
2024-10-12T12:22:11.000000Z,20949490,mint,45.081739,0.9996868461722618,2452.2847,110518.64
2024-10-13T12:23:23.000000Z,20956624,mint,45.53817,0.99981872,2461.37,112065.97
2024-10-14T12:22:11.000000Z,20963774,mint,47.040832,0.9996167680023442,2544.9282,119669.66
2024-10-15T12:24:59.000000Z,20970949,mint,45.514767,0.9996271366799343,2586.853331,117696.13
2024-10-16T12:24:59.000000Z,20978104,mint,44.646581,0.9998367573193949,2632.265,117502.45
2024-10-17T12:24:11.000000Z,20985267,mint,43.851168,0.99964912,2602.84,114097.53
2024-10-18T12:22:59.000000Z,20992422,mint,43.888105,0.9995124608548708,2624.9721,115148.88
2024-10-19T12:22:11.000000Z,20999585,mint,42.50514,0.99973695,2636.98899723,112056.1
2024-10-20T12:22:11.000000Z,21006761,mint,41.686777,0.9997683465045041,2653.429014,110587.28
2024-10-21T12:21:59.000000Z,21013921,mint,41.488653,0.99971276,2705.5918,112219.12
2024-10-22T12:23:11.000000Z,21021093,mint,43.294768,0.9997353091036868,2634.24748765,114018.95
2024-10-23T12:29:11.000000Z,21028291,mint,43.196351,0.9997189300126493,2577.66,111314.21
2024-10-24T12:30:35.000000Z,21035469,mint,43.523618,0.9996509009556396,2524.25100739,109826.18
2024-10-25T12:24:59.000000Z,21042615,mint,43.777537,0.9995925335933313,2538.53310792,111085.45
2024-10-26T12:25:59.000000Z,21049785,mint,43.081738,0.99948582,2463.16356555,106062.81
2024-10-27T12:23:35.000000Z,21056941,mint,41.52017,0.9998088138013085,2465.2,102335.96
2024-10-28T12:21:35.000000Z,21064098,mint,40.762952,0.9996080048153032,2524.587026,102869.28
2024-10-29T12:22:23.000000Z,21071260,mint,43.353333,0.9995780070787258,2628.94,113925.21
2024-10-30T12:21:59.000000Z,21078425,mint,44.039114,0.9995725063686551,2657.7655,116995.6
2024-10-31T12:26:23.000000Z,21085608,mint,42.859356,0.9996479986017122,2633.54260521,112832.21
2024-11-01T12:27:35.000000Z,21092793,mint,46.786262,0.9996853383928748,2519.00742099,117817.86
2024-11-02T12:26:11.000000Z,21099946,mint,41.769916,0.9992762421025952,2500.48,104369.25
2024-11-03T12:24:23.000000Z,21107097,mint,42.220617,0.9997400571387302,2454.565853,103606.35
2024-11-04T12:23:59.000000Z,21114262,mint,42.241349,0.99958146,2465.36,104096.55
2024-11-05T12:22:59.000000Z,21121421,mint,43.17144,0.9998546542239902,2437.07480503,105196.74
2024-11-06T12:23:23.000000Z,21128585,mint,47.318416,0.9998158222474176,2648.48,125298.8
2024-11-07T12:22:11.000000Z,21135745,mint,44.242629,0.9998739288385228,2801.814173,123944.0
2024-11-08T12:28:11.000000Z,21142922,mint,44.671329,0.9996507374747354,2923.831889,130565.84
2024-11-09T12:28:23.000000Z,21150099,mint,45.78126,0.9998001048408978,3036.4702,138985.64
2024-11-10T12:26:35.000000Z,21157259,mint,43.12728,0.99971892,3193.955541,137707.9
2024-11-11T12:25:35.000000Z,21164428,mint,45.120479,0.9997314058594233,3176.1,143268.66
2024-11-12T12:23:23.000000Z,21171576,mint,51.164574,0.9999,3271.89,167388.12
2024-11-13T12:23:11.000000Z,21178744,mint,46.35258,0.9993617236952154,3174.09455441,147033.56
2024-11-14T12:21:59.000000Z,21185901,mint,51.932319,0.9991304143903084,3178.8630611,164942.17
2024-11-15T12:23:35.000000Z,21193072,mint,47.378479,0.99921293,3114.87,147461.65
2024-11-16T12:23:35.000000Z,21200234,mint,44.59868,0.9991418464789463,3202.909951,142722.97
2024-11-17T12:31:23.000000Z,21207442,mint,42.961964,0.9995451605689989,3114.19,133730.87
2024-11-18T12:28:35.000000Z,21214605,mint,42.834756,0.9995763407088394,3062.89,131142.56
2024-11-19T12:24:11.000000Z,21221757,mint,44.643694,0.9997053146069625,3135.07,139919.86
2024-11-20T12:24:59.000000Z,21228934,mint,44.64048,0.99963776,3090.161449,137896.32
2024-11-21T12:24:11.000000Z,21236083,mint,43.976632,0.9994029143976676,3236.6125,142250.33
2024-11-22T12:21:59.000000Z,21243240,mint,44.832916,0.9997756998209173,3343.289919,149855.81
2024-11-23T12:22:59.000000Z,21250415,mint,43.890295,0.9997735302385379,3362.99130743,147569.25
2024-11-24T12:23:11.000000Z,21257577,mint,44.359348,0.9997303776724538,3349.840628,148556.68
2024-11-25T12:28:47.000000Z,21264776,mint,42.840695,0.99985137,3488.92,149445.54
2024-11-26T12:25:59.000000Z,21271910,mint,44.191419,0.9998651539347542,3326.6384,146989.05
2024-11-27T12:23:47.000000Z,21279065,mint,43.684572,0.9997882603144355,3445.4969569,150483.19
2024-11-28T12:24:35.000000Z,21286182,mint,42.925772,0.9998505,3636.10368003,156059.22
2024-11-29T12:23:35.000000Z,21293328,mint,41.427905,0.9998555143344309,3596.17378076,148960.42
2024-11-30T12:23:11.000000Z,21300467,mint,41.419798,0.9996225768127937,3659.4754,151517.53
2024-12-01T12:21:59.000000Z,21307626,mint,41.269486,0.9999098603883558,3693.21313396,152403.27
2024-12-02T12:21:59.000000Z,21314793,mint,43.546036,0.9998572144185768,3591.17,156358.89
2024-12-03T12:29:11.000000Z,21321981,mint,46.052527,0.9992838961744839,3608.8917,166079.57
2024-12-04T12:27:11.000000Z,21329130,mint,46.501697,0.99982439,3718.0299,172864.34
2024-12-05T12:26:35.000000Z,21336287,mint,44.308271,0.999757062740231,3928.69327594,174031.32
2024-12-06T12:23:47.000000Z,21343432,mint,49.355854,0.9995,3876.47568976,191231.11
2024-12-07T12:23:11.000000Z,21350589,mint,42.762851,0.9996999590957957,4004.63,171198.01
2024-12-08T12:23:23.000000Z,21357747,mint,41.100748,0.99927254,3969.71,163039.36
2024-12-09T12:23:23.000000Z,21364922,mint,42.2066,0.9993812906526027,3855.97,162646.69
2024-12-10T12:21:59.000000Z,21372072,mint,50.403555,0.99780274,3736.31,187909.51
2024-12-11T12:28:47.000000Z,21379265,mint,44.817471,0.9995677622465375,3723.94167174,166825.51
2024-12-12T12:27:59.000000Z,21386423,mint,43.000544,0.9992890570690831,3911.2016239,168064.23
2024-12-13T12:26:59.000000Z,21393583,mint,42.530817,0.9991357412096541,3906.535449,166004.55
2024-12-14T12:24:23.000000Z,21400735,mint,41.167476,0.99875906,3891.446224,160002.22
2024-12-15T12:24:35.000000Z,21407901,mint,40.592894,0.9990558595693126,3876.61,157214.25
2024-12-16T12:23:59.000000Z,21415057,mint,41.649855,0.9989520280314921,3903.562757,162412.44
2024-12-17T12:24:59.000000Z,21422241,mint,42.038365,0.9982182408798504,3990.54,167456.88
2024-12-18T12:23:11.000000Z,21429391,mint,41.905589,0.9988058454491018,3887.07,162695.44
2024-12-19T12:21:59.000000Z,21436534,mint,43.564346,0.9984552188116417,3699.38,160912.11
2024-12-20T12:27:23.000000Z,21443728,mint,48.055152,0.99925545,3213.34,154302.57
2024-12-21T12:24:47.000000Z,21450867,mint,42.027408,0.9987994003700223,3426.39,143829.4
2024-12-22T12:27:35.000000Z,21458032,mint,40.805975,0.9983218131179494,3377.352648,137584.89
2024-12-23T12:22:11.000000Z,21465154,mint,41.100396,0.9984626706289093,3331.8878489,136731.39
2024-12-24T12:23:23.000000Z,21472304,mint,40.994625,0.9981605153372813,3402.43452288,139224.95
2024-12-25T12:23:23.000000Z,21479464,mint,39.652874,0.9990617176034924,3468.23,137396.25
2024-12-26T12:22:23.000000Z,21486609,mint,39.894538,0.9989262787301707,3369.43,134277.52
2024-12-27T12:23:23.000000Z,21493769,mint,40.969427,0.9991962459097232,3409.77,139584.04
2024-12-28T12:27:23.000000Z,21500958,mint,40.074554,0.9994379697910623,3352.4603,134272.84
2024-12-29T12:27:35.000000Z,21508124,mint,39.770214,0.9996048579179823,3391.51559568,134828.0
2024-12-30T12:25:11.000000Z,21515275,mint,39.927768,0.9994937192503868,3418.5376186,136425.47
2024-12-31T12:23:35.000000Z,21522432,mint,42.901592,0.9994282385019796,3388.54,145290.64
2025-01-01T12:22:23.000000Z,21529587,mint,41.220109,0.9994941311903183,3334.07799583,137361.53
2025-01-02T12:23:11.000000Z,21536758,mint,43.26988,0.9994253588963051,3469.44,150035.99
2025-01-03T12:22:23.000000Z,21543927,mint,41.943524,0.9991094851444874,3458.276,144923.11
2025-01-04T12:24:23.000000Z,21551093,mint,41.337148,0.9992153514044253,3623.7498,149677.95
2025-01-05T12:28:11.000000Z,21558275,mint,40.590459,0.9994935873796545,3617.38,146756.76
2025-01-06T12:28:47.000000Z,21565423,mint,41.12826,0.9994285391326535,3656.25,150289.27
2025-01-07T12:27:35.000000Z,21572589,mint,42.292321,0.9992596149699646,3642.3915,153931.14
2025-01-08T12:26:23.000000Z,21579747,mint,43.505272,0.99948927,3351.26,145723.02
2025-01-09T12:22:59.000000Z,21586894,mint,42.281454,0.9993193076598421,3304.96,139643.4
2025-01-10T12:22:11.000000Z,21594045,mint,42.264878,0.9996,3302.55,139526.04
2025-01-11T12:23:47.000000Z,21601218,mint,39.816216,0.9996351365797379,3273.93,130307.94
2025-01-12T12:23:23.000000Z,21608386,mint,38.961062,0.9991071840160015,3248.02,126433.32
2025-01-13T12:29:11.000000Z,21615564,mint,44.877775,0.9994588990175951,3058.15,137168.7
2025-01-14T12:27:35.000000Z,21622722,mint,42.97627,0.9993,3196.53,137278.77
2025-01-15T12:27:35.000000Z,21629877,mint,41.199191,0.9991335851675527,3194.604756,131501.1
2025-01-16T12:25:35.000000Z,21637032,mint,41.724111,0.999504406125524,3361.70005884,140194.43
2025-01-17T12:24:47.000000Z,21644195,mint,41.673859,0.9989276527701791,3423.57863583,142520.74
2025-01-18T12:27:47.000000Z,21651368,mint,42.657733,0.9989403080825677,3302.47597003,140726.85
2025-01-19T12:23:23.000000Z,21658506,mint,45.225614,0.9982915077748307,3168.18104566,143038.14
2025-01-20T12:22:47.000000Z,21665676,mint,49.824917,0.9976441078287859,3287.0916,163393.22
2025-01-21T12:22:59.000000Z,21672836,mint,49.174071,0.9978177174878429,3319.66920924,162885.41
2025-01-22T12:29:23.000000Z,21680035,mint,41.595744,0.9979287675715806,3322.75135867,137926.05
2025-01-23T12:27:11.000000Z,21687185,mint,40.665715,0.99881947,3195.65610792,129800.23
2025-01-24T12:27:47.000000Z,21694359,mint,60.043411,0.99854934,3400.46192991,203879.15
2025-01-25T12:22:59.000000Z,21701490,mint,40.110244,0.99839317,3304.0664832,132313.96
2025-01-26T12:23:11.000000Z,21708664,mint,39.056872,0.9986139725804869,3313.13,129221.14
2025-01-27T12:23:59.000000Z,21715840,mint,43.927235,0.9986358682482328,3057.73213973,134134.49
2025-01-28T12:23:47.000000Z,21723002,mint,40.68231,0.9988032732400898,3178.96994644,129173.07
2025-01-29T12:23:35.000000Z,21730163,mint,39.511728,0.9990636442517653,3138.29,123883.15
2025-01-30T12:27:23.000000Z,21737347,mint,40.983986,0.99930187,3210.79186638,131499.18
2025-01-31T12:27:11.000000Z,21744501,mint,39.733779,0.9990852982079231,3342.80543078,132700.8
2025-02-01T12:26:11.000000Z,21751659,mint,39.999899,0.99900568,3250.2126,129878.91
2025-02-02T12:24:35.000000Z,21758807,mint,39.258608,0.9991172959066457,3065.15496712,120227.5
2025-02-03T12:22:11.000000Z,21765949,mint,167.236261,0.9972144779200126,2620.33522092,436994.41
2025-02-04T12:24:23.000000Z,21773116,mint,46.849259,0.997591311132167,2777.205,129796.6
2025-02-05T12:22:11.000000Z,21780262,mint,42.747902,0.9978256186039021,2810.21401848,119869.54
2025-02-06T12:21:59.000000Z,21787431,mint,39.67301,0.9986,2802.36,111022.41
2025-02-07T12:27:23.000000Z,21794625,mint,41.115493,0.9999154920105823,2753.41,113198.24
2025-02-08T12:27:11.000000Z,21801789,mint,40.209365,0.9992402133835754,2605.8774,104701.07
2025-02-09T12:26:59.000000Z,21808950,mint,38.103994,0.9992335418617976,2657.0189,101165.43
2025-02-10T12:26:35.000000Z,21816111,mint,39.917879,0.9991,2649.62,105672.02
2025-02-11T12:25:35.000000Z,21823269,mint,39.444219,0.9985075085906466,2692.12,106030.09
2025-02-12T12:24:35.000000Z,21830388,mint,38.970387,0.9996,2629.74,102440.99
2025-02-13T12:26:59.000000Z,21837553,mint,41.646099,0.9997,2662.7079,110858.13
2025-02-14T12:23:23.000000Z,21844676,mint,40.158526,0.9992795072904457,2689.99841658,107948.54
2025-02-15T12:27:35.000000Z,21851820,mint,37.873631,0.9992597594860247,2709.75,102552.1
2025-02-16T12:29:23.000000Z,21858965,mint,37.37566,0.9994029382050785,2710.46,101244.75
2025-02-17T12:27:11.000000Z,21866093,mint,38.95171,0.9997302992400331,2760.94400274,107514.49
2025-02-18T12:25:23.000000Z,21873242,mint,41.516081,0.9993198421921841,2692.07871353,111688.54
2025-02-19T12:24:11.000000Z,21880390,mint,39.240384,0.9995212876607339,2726.765,106948.08
2025-02-20T12:23:35.000000Z,21887546,mint,38.421945,0.9993872939205053,2741.66,105275.37
2025-02-21T12:26:47.000000Z,21894705,mint,38.670216,0.9994761092016219,2789.7594,107824.08
2025-02-22T12:24:59.000000Z,21901852,mint,42.557647,0.9985946041999662,2734.6305,116215.88
2025-02-23T12:26:11.000000Z,21909014,mint,38.627977,0.9970238856492872,2787.8323,107367.83
2025-02-24T12:25:47.000000Z,21916169,mint,39.358659,0.9974373608087842,2690.97,105641.55
2025-02-25T12:29:11.000000Z,21923347,mint,57.744105,0.9978790446911969,2432.982309,140192.41
2025-02-26T12:24:35.000000Z,21930487,mint,41.92234,0.9966362594209826,2448.54,102303.24
2025-02-27T12:26:23.000000Z,21937664,mint,44.162008,0.9992000000000002,2346.34642185,103536.47
2025-02-28T12:25:35.000000Z,21944828,mint,57.239198,0.9994485946054271,2137.58,122285.9
2025-03-01T12:27:47.000000Z,21952014,mint,40.016396,0.9990962399312221,2185.36716736,87371.48
2025-03-02T12:26:35.000000Z,21959177,mint,38.4289,0.9989986612644247,2229.7643792,85601.59
2025-03-03T12:25:35.000000Z,21966342,mint,46.812211,0.99922993,2353.4609,110085.87
2025-03-04T12:29:59.000000Z,21973534,mint,50.762413,0.9993000000000001,2088.5028,105943.23
2025-03-05T12:28:47.000000Z,21980685,mint,43.62839,1.0001086,2228.375698,97231.0
2025-03-06T12:29:11.000000Z,21987853,mint,39.918366,0.9996368756170871,2287.1,91264.14
2025-03-07T12:26:11.000000Z,21994992,mint,42.642589,0.99933058,2196.49,93601.32
2025-03-08T12:27:35.000000Z,22002157,mint,41.275493,0.9998996878624022,2152.962,88855.65
2025-03-09T12:26:35.000000Z,22009302,mint,37.967441,0.9999203303180808,2143.915433,81392.5
2025-03-10T12:28:35.000000Z,22016474,mint,42.882907,0.9999263966410521,2112.1085317,90566.69
2025-03-11T12:26:35.000000Z,22023617,mint,67.882666,0.99939486,1904.0779,129175.67
2025-03-12T12:26:35.000000Z,22030777,mint,50.356407,0.9989484865122851,1912.0515,96182.8
2025-03-13T12:28:47.000000Z,22037949,mint,39.480818,0.99854107,1905.971388,75139.53
2025-03-14T12:27:11.000000Z,22045112,mint,39.330149,0.9992712923975896,1903.10679899,74794.93
2025-03-15T12:26:59.000000Z,22052274,mint,38.79147,0.9990080035778208,1929.0116,74754.97
2025-03-16T12:25:47.000000Z,22059430,mint,37.752532,0.9989054361768129,1878.375721,70835.82
2025-03-17T12:24:23.000000Z,22066593,mint,37.46201,0.99918343,1904.8,71299.37
2025-03-18T12:27:47.000000Z,22073757,mint,38.817337,0.9988088838098077,1896.161649,73516.27
2025-03-19T12:28:35.000000Z,22080919,mint,40.112929,0.9993959976440561,2010.0268,80579.36
2025-03-20T12:24:35.000000Z,22088054,mint,40.958441,0.9997214224800594,1992.268077,81577.46
2025-03-21T12:25:11.000000Z,22095228,mint,38.328446,0.9997807788549326,1971.0769,75531.75
2025-03-22T12:25:23.000000Z,22102403,mint,37.316413,0.9998090881709844,1994.61170524,74417.54
2025-03-23T12:25:11.000000Z,22109577,mint,37.274346,0.9997514346315827,2003.95,74677.36
2025-03-24T12:23:11.000000Z,22116739,mint,37.358655,0.9997402850305988,2095.292504,78256.98
2025-03-25T12:24:47.000000Z,22123899,mint,37.841174,0.9996514286883923,2069.22802766,78274.72
2025-03-26T12:24:23.000000Z,22131060,mint,37.609981,0.9997628460624141,2060.10773815,77462.24
2025-03-27T12:23:23.000000Z,22138227,mint,38.448301,0.9986422849607992,2016.2174,77414.88
2025-03-28T12:21:59.000000Z,22145378,mint,42.234538,0.9995919865519789,1892.96613572,79915.93
2025-03-29T12:27:59.000000Z,22152559,mint,39.356964,0.999882899958174,1854.73,72987.99
2025-03-30T12:25:59.000000Z,22159714,mint,38.705595,0.9995726647743121,1837.25,71081.47
2025-03-31T12:25:11.000000Z,22166884,mint,38.412799,0.9997622,1817.74697436,69808.14
2025-04-01T12:27:23.000000Z,22174053,mint,39.027099,0.9995716295693627,1869.50442934,72930.08
2025-04-02T12:23:47.000000Z,22181207,mint,38.651692,0.99864146,1869.46185,72159.7
2025-04-03T12:24:35.000000Z,22188364,mint,41.844847,0.9993412583545005,1792.52,74958.31
2025-04-04T12:24:35.000000Z,22195534,mint,39.851926,0.9992063390183022,1773.95163102,70639.28
2025-04-05T12:23:11.000000Z,22202687,mint,38.834028,0.9995876554597346,1807.58780663,70166.97
2025-04-06T12:25:11.000000Z,22209854,mint,37.155283,0.9993158676652685,1790.65,66486.59
2025-04-07T12:27:11.000000Z,22217016,mint,102.500766,0.99914688,1510.10325606,154654.69
2025-04-08T12:26:35.000000Z,22224175,mint,43.345471,0.9986534392429307,1582.6746,68509.4
2025-04-09T12:24:47.000000Z,22231330,mint,46.001015,0.9987987488506085,1448.86,66568.97
2025-04-10T12:22:11.000000Z,22238498,mint,46.599829,0.99846304,1595.75182464,74247.47
2025-04-11T12:24:23.000000Z,22245680,mint,43.674557,0.9992020445114724,1557.98,67989.79
2025-04-12T12:23:59.000000Z,22252859,mint,39.683572,0.9988844286090199,1595.6102,63248.88
2025-04-13T12:24:59.000000Z,22260034,mint,39.432961,0.9995000000000002,1605.26,63268.51
2025-04-14T12:26:11.000000Z,22267217,mint,41.320088,0.99917937,1672.78,69062.7
2025-04-15T12:21:59.000000Z,22274352,mint,39.183328,0.9991265909102708,1630.73,63841.62
2025-04-16T12:24:47.000000Z,22281539,mint,39.310543,0.9992020613861424,1586.48986258,62316.01
2025-04-17T12:23:59.000000Z,22288695,mint,38.553618,0.999343902914118,1594.04802755,61416.0
2025-04-18T12:21:59.000000Z,22295851,mint,37.689467,0.9989330874780957,1591.2,59907.5
2025-04-19T12:22:23.000000Z,22303018,mint,36.779514,0.9990891139567248,1596.99015544,58683.02
2025-04-20T12:23:59.000000Z,22310191,mint,37.113735,0.9992000000000001,1576.89,58477.46
2025-04-21T12:23:23.000000Z,22317353,mint,37.859182,0.9993005455419094,1628.498815,61610.51
2025-04-22T12:25:11.000000Z,22324530,mint,38.704507,0.9993337260254443,1631.95,63121.74
2025-04-23T12:25:47.000000Z,22331688,mint,43.658143,0.99933066,1814.61,79169.48
2025-04-24T12:21:59.000000Z,22338836,mint,40.231713,0.9989000000000001,1753.27,70459.46
2025-04-25T12:24:47.000000Z,22346021,mint,38.59957,0.9985000000000002,1797.84147699,69291.81
2025-04-26T12:23:35.000000Z,22353186,mint,38.085201,0.9989000000000001,1787.48386696,68001.8
2025-04-27T12:21:59.000000Z,22360359,mint,37.101573,0.9989349520299765,1809.21,67053.05
2025-04-28T12:22:11.000000Z,22367529,mint,37.169346,0.999008097584263,1813.11,67325.27
2025-04-29T12:23:35.000000Z,22374692,mint,38.990504,0.99918418,1832.34,71385.58
2025-04-30T12:22:11.000000Z,22381829,mint,36.711643,0.999166400344432,1809.37,66369.57
2025-05-01T12:26:47.000000Z,22388993,mint,37.599946,0.99900215,1850.24380915,69499.65
2025-05-02T12:26:23.000000Z,22396109,mint,37.417596,0.9989734780366576,1831.1932,68448.51
2025-05-03T12:24:35.000000Z,22403236,mint,36.656479,0.9994453718327909,1824.6063,66846.55
2025-05-04T12:22:35.000000Z,22410366,mint,36.100935,0.9993703336158581,1832.0412,66096.75
2025-05-05T12:24:47.000000Z,22417523,mint,36.943474,0.999430866386119,1803.85,66602.56
2025-05-06T12:23:11.000000Z,22424638,mint,36.979212,0.999376795466588,1771.99,65485.96
2025-05-07T14:31:47.000000Z,22432361,mint,36.772514,0.9991064721331894,1826.70507751,67112.52
2025-05-08T12:48:23.000000Z,22438915,mint,36.934459,0.9990497536699723,1957.8,72241.57
2025-05-09T12:31:59.000000Z,22445933,mint,47.246914,0.9990558114894849,2341.71,110534.11
2025-05-10T14:05:59.000000Z,22453475,mint,40.347823,0.9990893852945416,2428.704961,97903.72
2025-05-11T12:23:35.000000Z,22460073,mint,42.642043,0.99934936,2528.32,107742.58
2025-05-12T14:39:35.000000Z,22467852,mint,39.861529,0.999,2521.85,100424.27
2025-05-13T12:22:11.000000Z,22474273,mint,39.723059,0.9991000000000002,2495.62,99044.44
2025-05-14T12:23:23.000000Z,22481383,mint,39.45953,0.99930246,2622.994151,103429.92
2025-05-15T12:22:11.000000Z,22488486,mint,38.095865,0.9991270226519116,2555.07,97252.63
2025-05-16T12:22:11.000000Z,22495605,mint,38.704809,0.9992783038734995,2620.17,101339.99
2025-05-17T12:23:47.000000Z,22502733,mint,37.327568,0.9989751940107843,2483.7616,92617.77
2025-05-18T12:23:35.000000Z,22509851,mint,35.739264,0.99951439,2492.39,89032.93
2025-05-19T12:24:47.000000Z,22516988,mint,39.683561,0.999489925549855,2393.81,94946.45
2025-05-20T12:23:11.000000Z,22524104,mint,37.48375,0.9992774830919003,2513.5,94147.33
2025-05-21T12:20:47.000000Z,22531230,mint,37.494547,1.0002074197779662,2541.18,95300.16
2025-05-22T12:21:59.000000Z,22538381,mint,39.479256,0.9995188,2645.51,104392.51
2025-05-23T12:22:11.000000Z,22545535,mint,39.364868,0.9994091684507834,2535.08175482,99734.2
2025-05-24T12:22:11.000000Z,22552670,mint,37.563898,0.9998172246439986,2555.12,95962.72
2025-05-25T12:22:35.000000Z,22559806,mint,35.966795,0.9992157847852251,2514.21,90357.16
2025-05-26T12:23:23.000000Z,22566941,mint,36.522729,0.99956998,2566.917383,93710.51
2025-05-27T12:22:11.000000Z,22574089,mint,36.843373,0.9995019743528686,2646.88334834,97471.54
2025-05-28T12:21:59.000000Z,22581229,mint,37.909081,0.9995972959717396,2665.00212614,100987.1
2025-05-29T12:23:23.000000Z,22588385,mint,38.090861,0.9995023562333484,2716.54236737,103423.94
2025-05-30T12:19:59.000000Z,22595508,mint,38.801003,0.999016199484268,2598.14,100711.26
2025-05-31T12:21:59.000000Z,22602678,mint,38.559416,0.9988006762244049,2525.45,97263.09
2025-06-01T12:22:11.000000Z,22609821,mint,36.163705,0.9993944448671999,2498.95979542,90316.92
2025-06-02T12:23:35.000000Z,22616965,mint,36.486349,0.9995039337735905,2485.81,90653.14
2025-06-03T12:22:11.000000Z,22624098,mint,37.120951,0.99935966,2601.98,96526.12
2025-06-04T12:22:11.000000Z,22631243,mint,37.42867,0.9996124725044677,2630.39007563,98413.85
2025-06-05T12:22:59.000000Z,22638381,mint,37.005462,0.9997003819421876,2618.86746421,96883.36
2025-06-06T12:22:11.000000Z,22645518,mint,38.510505,0.9995898172958915,2477.16064401,95357.58
2025-06-07T12:23:11.000000Z,22652684,mint,36.679426,0.9996009781597864,2496.62,91538.05
2025-06-08T12:23:11.000000Z,22659842,mint,35.875033,0.9994044083899484,2512.1,90067.99
2025-06-09T12:21:35.000000Z,22666988,mint,35.875892,0.9995837304881666,2539.71,91076.43
2025-06-10T12:22:11.000000Z,22674131,mint,37.588642,0.9998599740038769,2761.950653,103803.44
2025-06-11T12:22:11.000000Z,22681288,mint,37.619166,0.9997014964814778,2777.71796013,104464.24
2025-06-12T12:22:23.000000Z,22688457,mint,38.037039,0.9993486547775815,2716.5449,103262.02
2025-06-13T12:23:23.000000Z,22695611,mint,38.920963,0.9997396084471096,2558.02048491,99534.7
2025-06-14T12:23:11.000000Z,22702766,mint,35.53195,0.999855635398161,2538.35968749,90179.85
2025-06-15T12:21:59.000000Z,22709906,mint,34.602184,0.999444417847955,2522.969538,87251.75
2025-06-16T12:23:11.000000Z,22717054,mint,35.82586,0.99964366,2610.6597,93495.8
2025-06-17T12:19:59.000000Z,22724186,mint,37.205031,0.9995335419910859,2546.67761201,94705.02
2025-06-18T12:21:59.000000Z,22731337,mint,36.001438,0.9998092394404908,2514.6,90511.95
2025-06-19T12:22:11.000000Z,22738492,mint,37.194103,0.99982196,2529.21119261,94054.99
2025-06-20T12:22:11.000000Z,22745658,mint,36.264831,0.9996553992752726,2550.82,92473.18
2025-06-21T12:22:23.000000Z,22752812,mint,36.62351,0.9998999999999998,2443.020026,89463.02
2025-06-22T12:22:59.000000Z,22759954,mint,40.27283,0.9996,2277.30619792,91676.88
2025-06-23T12:22:11.000000Z,22767100,mint,40.520059,0.999518225196214,2257.54,91431.58
2025-06-24T12:20:47.000000Z,22774251,mint,38.830912,0.9994833279243939,2418.257,93854.61
2025-06-25T12:20:47.000000Z,22781413,mint,37.270084,0.9996742998502474,2425.31,90362.07
2025-06-26T12:19:47.000000Z,22788575,mint,36.41636,0.9994470049611747,2453.2292,89288.27
2025-06-27T12:20:47.000000Z,22795739,mint,36.87422,0.9995580125425206,2446.8,90183.96
2025-06-28T12:20:47.000000Z,22802900,mint,35.44574,0.9996351916855584,2425.75,85951.14
2025-06-29T12:20:47.000000Z,22810048,mint,35.583407,0.99930939,2458.97637,87438.33
2025-06-30T12:20:47.000000Z,22817195,mint,35.808789,0.9997085965573423,2466.6554,88302.2
2025-07-01T12:20:47.000000Z,22824352,mint,36.237133,0.99955757,2450.76,88769.22
2025-07-02T12:20:47.000000Z,22831499,mint,36.265976,0.9998708654806049,2445.6312,88681.75
2025-07-03T12:20:47.000000Z,22838662,mint,36.484722,0.9999669907835743,2594.919099,94671.78
2025-07-04T12:20:47.000000Z,22845816,mint,36.415816,0.99965655,2555.95,93045.04
2025-07-05T12:19:11.000000Z,22852973,mint,35.185787,0.9997933632358628,2523.1,88758.91
2025-07-06T12:20:47.000000Z,22860124,mint,35.331705,0.9996657761686069,2515.74897077,88855.99
2025-07-07T12:20:47.000000Z,22867280,mint,35.874034,1.0000826178791569,2555.90488346,91698.19
2025-07-08T12:20:59.000000Z,22874431,mint,36.228282,0.999680145917574,2578.33,93378.59
2025-07-09T12:20:47.000000Z,22881592,mint,36.353663,0.9995027281026105,2655.15661312,96476.67
2025-07-10T12:20:47.000000Z,22888743,mint,38.060323,0.9991762000987542,2779.11,105686.69
2025-07-11T12:20:59.000000Z,22895900,mint,39.203582,0.9994930667997644,2980.08,116770.58
2025-07-12T12:20:47.000000Z,22903048,mint,36.558303,0.99945521,2964.5,108318.05
2025-07-13T12:20:47.000000Z,22910220,mint,35.42671,0.9994495265050702,2961.89153863,104872.31
2025-07-14T12:20:11.000000Z,22917377,mint,37.206863,0.9997000000000003,3052.5757,113542.69
2025-07-15T12:20:47.000000Z,22924544,mint,36.820027,0.999569,2980.34,109688.9
2025-07-16T12:20:47.000000Z,22931715,mint,37.764776,0.9991321482459997,3150.237253,118864.76
2025-07-17T12:20:47.000000Z,22938884,mint,38.842235,0.9991415430351767,3433.6641596,133256.7
2025-07-18T12:20:59.000000Z,22946048,mint,38.26069,0.9978121887102948,3607.33660973,137717.23
2025-07-19T12:20:59.000000Z,22953208,mint,35.983858,0.9980545950454959,3543.12,127247.1
2025-07-20T12:20:47.000000Z,22960367,mint,35.995758,0.9980227229238311,3747.89663188,134641.63
2025-07-21T12:20:47.000000Z,22967530,mint,37.77034,0.9976196967926352,3818.03,143865.03
2025-07-22T12:20:47.000000Z,22974680,mint,36.901884,0.99685985,3700.54,136128.09
2025-07-23T12:19:47.000000Z,22981829,mint,35.701102,0.9971659391341425,3673.061708,130760.71
2025-07-24T12:20:59.000000Z,22988978,mint,36.387264,0.997039986660385,3636.26299684,131922.01
2025-07-25T12:20:47.000000Z,22996123,mint,35.692424,0.9987572772569382,3727.64811695,132883.45
2025-07-26T12:20:35.000000Z,23003284,mint,34.891736,0.99871114,3731.3083,130024.02
2025-07-27T12:20:47.000000Z,23010442,mint,34.582304,0.9987282914111327,3816.43664828,131813.33
2025-07-28T12:20:59.000000Z,23017607,mint,34.588794,0.9989405099130648,3883.061511,134168.11
2025-07-29T12:20:59.000000Z,23024759,mint,34.729196,0.9988730005316984,3845.112229,133387.16
2025-07-30T12:20:47.000000Z,23031903,mint,35.992749,0.9990951854162193,3758.542694,135157.88
2025-07-31T12:20:47.000000Z,23039047,mint,35.334784,0.9988417001259475,3833.14182803,135286.36
2025-08-01T12:20:59.000000Z,23046195,mint,34.822603,0.9989528491959621,3654.68380458,127132.34
2025-08-02T12:21:11.000000Z,23053338,mint,34.886149,0.9985862525315434,3505.32,122114.23
2025-08-03T12:20:47.000000Z,23060500,mint,34.416795,0.998268666802497,3484.7584,119726.57
2025-08-04T12:20:59.000000Z,23067664,mint,33.867703,0.99839535,3553.75,120164.22
2025-08-05T12:20:59.000000Z,23074827,mint,34.748838,0.9984869176102574,3663.40430791,127106.43
2025-08-06T12:20:59.000000Z,23081989,mint,34.688102,0.9986001403846977,3603.54528293,124825.17
2025-08-07T12:20:47.000000Z,23089147,mint,34.31433,0.99873009,3839.92,131596.95
2025-08-08T12:20:59.000000Z,23096307,mint,34.701073,0.99862775,3911.857468,135559.37
2025-08-09T12:21:11.000000Z,23103461,mint,35.148916,0.9985,4191.67,147111.66
2025-08-10T12:20:47.000000Z,23110615,mint,34.48965,0.998288713921327,4192.71,144357.64
2025-08-11T12:20:59.000000Z,23117771,mint,35.101921,0.9982100292302918,4183.90163023,146600.1
2025-08-12T12:20:47.000000Z,23124927,mint,34.794053,0.997973735296044,4293.65,149090.77
2025-08-13T12:20:59.000000Z,23132092,mint,36.807127,0.9984540219957823,4683.42,172116.73
2025-08-14T12:20:47.000000Z,23139248,mint,35.961289,0.9978825278552408,4723.6699784,169509.57
2025-08-15T12:20:59.000000Z,23146398,mint,39.93067,0.997558656885392,4638.62,184771.01
2025-08-16T12:20:59.000000Z,23153563,mint,35.161358,0.9975398781757943,4386.73,153863.92
2025-08-17T12:20:59.000000Z,23160743,mint,33.90308,0.9978939845223226,4550.93,153965.61
2025-08-18T12:20:47.000000Z,23167907,mint,34.731984,0.99797719,4301.8349,149109.03
2025-08-19T12:20:47.000000Z,23175081,mint,34.578041,0.9976663902879097,4310.383415,148696.8
2025-08-20T12:20:59.000000Z,23182253,mint,34.060734,0.9978175406521782,4207.73708736,143005.82
2025-08-21T12:21:59.000000Z,23189425,mint,34.559032,0.9973216065913288,4253.56281386,146605.29
2025-08-22T12:21:11.000000Z,23196581,mint,34.130509,0.9976058263035521,4232.64,144116.29
2025-08-23T12:21:11.000000Z,23203749,mint,35.969416,0.9969692928567289,4724.1005,169408.15
2025-08-24T12:20:59.000000Z,23210913,mint,33.595918,0.9976334889253551,4738.16,158806.13
2025-08-25T12:21:23.000000Z,23218088,mint,34.833815,0.9974236813718265,4593.46620381,159595.72
2025-08-26T12:24:23.000000Z,23225267,mint,35.923866,0.9972740278759336,4413.40986394,158114.55
2025-08-27T12:23:11.000000Z,23232432,mint,33.674025,0.9970118707666412,4600.51,154454.77
2025-08-28T12:21:59.000000Z,23239582,mint,34.300194,0.9981373188458313,4597.47,157400.38
2025-08-29T12:21:59.000000Z,23246749,mint,33.771223,0.9978863552221208,4367.37,147179.68
2025-08-30T12:22:11.000000Z,23253923,mint,34.022683,0.9971580381384874,4389.14,148905.93
2025-08-31T12:22:11.000000Z,23261098,mint,33.050707,0.9972018941690212,4477.9704,147585.97
2025-09-01T12:22:11.000000Z,23268254,mint,33.3422,0.9975505930564437,4393.832675,146141.21
2025-09-02T12:23:59.000000Z,23275396,mint,35.360262,0.9978068779881375,4330.18749886,152780.76
2025-09-03T12:22:11.000000Z,23282555,mint,33.933453,0.9977748639798082,4374.90905348,148125.44
2025-09-04T12:23:47.000000Z,23289724,mint,33.278764,0.9977795782850944,4411.82323444,146494.02
2025-09-05T12:24:47.000000Z,23296889,mint,33.778431,0.9983883254025253,4429.70434771,149387.31
2025-09-06T12:21:11.000000Z,23304023,mint,33.205908,0.99795984,4298.106917,142431.37
2025-09-07T12:22:11.000000Z,23311187,mint,32.934201,0.99831459,4310.110164,141710.79
2025-09-08T12:23:11.000000Z,23318349,mint,32.746993,0.9984985378613385,4313.51598786,141042.59
2025-09-09T12:22:23.000000Z,23325509,mint,33.08911,0.9983604923440671,4363.46231146,144146.37
2025-09-10T12:22:11.000000Z,23332654,mint,32.639086,0.99844306,4331.21319292,141146.74
2025-09-11T12:23:11.000000Z,23339794,mint,32.78034,0.9982098618925478,4453.3057,145719.55
2025-09-12T12:22:35.000000Z,23346956,mint,33.323282,0.9982594,4517.90758216,150289.46
2025-09-13T12:24:23.000000Z,23354128,mint,33.340832,0.99835861,4720.459615,157125.72
2025-09-14T12:23:11.000000Z,23361293,mint,32.835003,0.9979473361502674,4641.593746,152093.91
2025-09-15T12:20:35.000000Z,23368440,mint,32.772916,0.998122962115167,4531.31,148225.49
2025-09-16T12:21:59.000000Z,23375594,mint,33.043475,0.9986213671774786,4502.355083,148568.35
2025-09-17T12:22:11.000000Z,23382772,mint,32.649088,0.9986343614423018,4492.8225,146486.24
2025-09-18T12:21:59.000000Z,23389931,mint,33.632913,0.9988351832188016,4580.15,153864.35
2025-09-19T12:22:11.000000Z,23397095,mint,32.839551,0.9987449535070861,4516.3,148127.13
2025-09-20T12:23:11.000000Z,23404252,mint,32.311967,0.99888558,4471.56917977,144324.18
2025-09-21T12:22:11.000000Z,23411393,mint,32.045597,0.9987955506130878,4466.40052,142956.08
2025-09-22T12:24:47.000000Z,23418549,mint,32.81328,0.99882229,4178.8029,136958.74
2025-09-23T12:23:23.000000Z,23425705,mint,33.339379,0.9990632275883222,4193.69,139684.04
2025-09-24T12:18:47.000000Z,23432849,mint,33.339723,0.9993095544454292,4183.17,139369.44
2025-09-25T12:21:59.000000Z,23440021,mint,32.284936,0.9991591258093163,4001.47798414,129078.83
2025-09-26T12:22:11.000000Z,23447158,mint,32.636537,0.99871171,3883.402,126577.51
2025-09-27T17:14:11.000000Z,23455760,mint,31.96592,0.9991743374121138,3994.12183358,127570.36
2025-09-28T12:22:23.000000Z,23461465,mint,32.141982,0.9995484523757571,3993.06747812,128287.15
2025-09-29T12:23:35.000000Z,23468624,mint,32.054465,0.9997393306233494,4112.23,131780.97
2025-09-30T12:21:59.000000Z,23475775,mint,32.706353,0.9999388909929117,4166.66,136267.93
2025-10-01T12:23:35.000000Z,23482927,mint,32.17713,0.99975755,4302.817715,138418.76
2025-10-02T12:23:11.000000Z,23490073,mint,32.367027,0.9993911833639643,4384.70093,141833.33
2025-10-03T12:22:59.000000Z,23497226,mint,32.305575,0.9995387821768325,4481.512578,144711.06
2025-10-04T12:22:11.000000Z,23504385,mint,32.452248,0.9994740346648753,4485.25407714,145480.02
2025-10-05T12:23:23.000000Z,23511543,mint,32.208557,0.9993435738100526,4541.00623926,146163.25
2025-10-06T12:23:47.000000Z,23518706,mint,32.056026,0.9990558202345382,4588.592806,146953.17
2025-10-07T12:24:35.000000Z,23525859,mint,39.588377,0.99907117,4707.77,186199.87
2025-10-08T12:22:59.000000Z,23533003,mint,32.802688,0.999541103634274,4485.799751,147078.77
2025-10-09T12:22:23.000000Z,23540147,mint,32.445558,0.9994177849806968,4371.84,141764.2
2025-10-10T12:21:59.000000Z,23547301,mint,33.08089,0.9996673844645363,4341.195768,143562.85
2025-10-11T12:23:23.000000Z,23554461,mint,88.175062,0.99512518,3830.30179462,336090.69
2025-10-12T12:21:59.000000Z,23561613,mint,32.818068,0.9993005092857892,3841.21274841,125973.0
2025-10-13T12:21:59.000000Z,23568760,mint,33.448838,0.999463354088462,4101.26,137108.76
2025-10-14T12:22:11.000000Z,23575913,mint,33.237749,0.9991369824773423,3965.0496358,131675.59
2025-10-15T12:22:47.000000Z,23583066,mint,32.899066,0.99926716,4101.80004523,134846.5
2025-10-16T12:24:47.000000Z,23590206,mint,32.433989,0.9994585738360656,4067.22028269,131844.75
2025-10-17T12:23:23.000000Z,23597356,mint,33.388315,0.9992851099233574,3786.64,126339.14
2025-10-18T12:22:11.000000Z,23604503,mint,32.427469,0.9993410025512098,3883.23398,125840.47
2025-10-19T12:22:35.000000Z,23611654,mint,32.145959,0.9992001432556502,3924.152988,126044.76
2025-10-20T12:23:23.000000Z,23618788,mint,32.108327,0.999072215503744,4038.9151483,129562.49
2025-10-21T12:21:59.000000Z,23625907,mint,32.152607,0.9991502488087055,3893.744628,125087.66
2025-10-22T12:22:11.000000Z,23633036,mint,33.167107,0.99927671,3839.163007,127241.83
2025-10-23T12:21:59.000000Z,23640169,mint,31.968352,0.9993538105244273,3853.06,123096.38
2025-10-24T12:22:11.000000Z,23647295,mint,32.009422,0.9997031345124869,3955.78410294,126584.77
2025-10-25T12:22:23.000000Z,23654442,mint,32.182541,0.9998076719715464,3940.922924,126804.52
2025-10-26T12:23:23.000000Z,23661608,mint,31.731219,0.9998535781713116,4042.6182,128258.42
2025-10-27T12:22:23.000000Z,23668750,mint,32.628927,0.9992098393497244,4163.87,135755.26
2025-10-28T12:22:11.000000Z,23675891,mint,31.990673,0.9997228886287489,4120.24,131772.72
2025-10-29T12:23:11.000000Z,23683025,mint,31.98324,0.999964332203019,4014.34235885,128387.1
2025-10-30T12:21:59.000000Z,23690170,mint,32.486258,0.9999719913366333,3876.6139,125933.15
2025-10-31T12:21:35.000000Z,23697302,mint,32.379462,0.9999783795437324,3876.66201798,125521.52
2025-11-01T12:20:23.000000Z,23704449,mint,32.019546,0.9996928991140818,3876.45782274,124084.3
2025-11-02T12:22:11.000000Z,23711612,mint,31.547516,0.99969084,3879.645261,122355.33
2025-11-03T12:22:11.000000Z,23718769,mint,35.199876,0.999679406494145,3719.415592,130881.0
2025-11-04T12:23:11.000000Z,23725935,mint,33.770164,0.9996518212142419,3509.127566,118462.55
2025-11-05T12:23:23.000000Z,23733075,mint,37.528429,0.9985962062065015,3330.47869017,124812.18
2025-11-06T12:22:11.000000Z,23740210,mint,32.484539,0.9989481079766334,3387.8,109935.36
2025-11-07T12:22:59.000000Z,23747363,mint,33.67118,0.9991896601448699,3236.43,108886.11
2025-11-08T12:21:59.000000Z,23754509,mint,32.981427,0.999140841511058,3408.10129798,112307.47
2025-11-09T12:21:59.000000Z,23761669,mint,31.853066,0.9992047153768254,3448.13982186,109746.47
2025-11-10T12:21:59.000000Z,23768831,mint,32.7681,0.999259029538848,3590.74,117574.54
2025-11-11T12:21:59.000000Z,23775961,mint,33.292883,0.9995265106794747,3577.97,119064.53
2025-11-12T12:22:35.000000Z,23783118,mint,32.156403,0.99946047,3561.8545,114474.63
2025-11-13T12:23:23.000000Z,23790262,mint,32.37461,0.99984186,3488.3,112914.49
2025-11-14T12:22:59.000000Z,23797400,mint,35.088404,0.9993258619151075,3115.97109183,109260.75
2025-11-15T12:22:11.000000Z,23804561,mint,33.200003,0.999255364228902,3159.852684,104829.0
2025-11-16T12:23:23.000000Z,23811723,mint,32.328583,0.999980057916025,3178.144265,102742.85
2025-11-17T12:21:59.000000Z,23818863,mint,33.764727,0.9995495826574557,3196.193107,107869.98
2025-11-18T12:23:23.000000Z,23825980,mint,35.16318,0.9995726311079037,3044.4039,107005.17
2025-11-19T12:21:59.000000Z,23833095,mint,32.994987,0.9991297116901688,3087.365,101778.91
2025-11-20T12:21:59.000000Z,23840220,mint,37.910147,0.9994345805520606,3019.0826,114389.15
2025-11-21T12:23:59.000000Z,23847364,mint,44.323809,0.9986725043801723,2653.85,117472.59
2025-11-22T12:23:23.000000Z,23854463,mint,34.193524,0.9989435695889388,2720.55,92926.92
2025-11-23T12:22:11.000000Z,23861558,mint,32.237751,0.9994184789384072,2835.05,91342.49
2025-11-24T12:22:11.000000Z,23868688,mint,32.304677,0.9993219508459038,2795.52,90247.14
2025-11-25T12:23:47.000000Z,23875789,mint,32.386934,0.9984893403017548,2928.2402,94693.45
2025-11-26T12:21:59.000000Z,23882886,mint,32.391784,0.9991059448575322,2895.08011956,93692.97
2025-11-27T12:23:59.000000Z,23890027,mint,33.603389,0.9988770482258362,3012.1597883,101105.11
2025-11-28T12:22:35.000000Z,23897146,mint,32.632022,0.9992661265678734,3036.52975857,99015.39
2025-11-29T12:22:11.000000Z,23904290,mint,32.527697,0.9995714701191778,3001.12,97577.69
2025-11-30T12:22:11.000000Z,23911447,mint,32.095624,0.9995350321795575,3003.46,96353.1
2025-12-01T12:22:11.000000Z,23918599,mint,33.151145,0.9997,2821.602427,93511.29
2025-12-02T12:22:23.000000Z,23925750,mint,33.173838,0.9995433017017135,2824.16841126,93645.72
2025-12-03T12:22:23.000000Z,23932889,mint,33.75905,0.99955133,3074.91061006,103759.49
2025-12-04T12:23:47.000000Z,23939667,mint,30.089537,0.9998025081301339,3185.15638479,95820.95
2025-12-05T12:21:59.000000Z,23946717,mint,32.427109,0.9993581756800262,3120.2443,101115.56
2025-12-06T12:21:59.000000Z,23953807,mint,32.102059,0.9996471578460384,3037.9346,97489.55
2025-12-07T12:21:59.000000Z,23960925,mint,32.123797,0.9997355199180399,3035.63136926,97490.21
2025-12-08T12:23:23.000000Z,23968059,mint,32.893751,0.99957429,3147.54,103490.32
2025-12-09T12:22:11.000000Z,23975190,mint,32.440332,0.99954079,3123.87,101292.84
2025-12-10T12:22:23.000000Z,23982279,mint,32.806908,0.9995772852263652,3316.16999999,108747.3
2025-12-11T12:22:47.000000Z,23989407,mint,32.528185,0.9996909406602763,3197.0719,103962.81
2025-12-12T12:22:11.000000Z,23996514,mint,32.471159,0.9992799089795102,3239.607212,105118.05
2025-12-13T12:23:59.000000Z,24003662,mint,32.627516,0.9996826283214556,3123.05,101865.03
2025-12-14T12:23:11.000000Z,24010817,mint,32.19983,0.9998346748085591,3099.7957,99796.39
2025-12-15T12:21:59.000000Z,24017970,mint,32.292942,0.9999748362739533,3148.829225,101682.4
2025-12-16T12:22:35.000000Z,24025139,mint,33.146221,0.9995109715701596,2952.233946,97807.54
2025-12-17T12:21:59.000000Z,24032304,mint,32.713407,0.9995109747416873,2926.98,95704.66
2025-12-18T12:21:59.000000Z,24039457,mint,33.087962,0.999838695634342,2853.022784,94385.48
2025-12-19T12:23:35.000000Z,24046616,mint,35.822207,0.999917090479809,2964.25735551,106177.44
2025-12-20T12:25:47.000000Z,24053800,mint,33.002687,0.99955707,2986.2233,98509.74
2025-12-21T13:22:23.000000Z,24061250,mint,32.578836,0.99960303,2969.31659152,96698.48
2025-12-22T12:23:11.000000Z,24068125,mint,32.916481,1.0000040331456748,3052.2338,100469.2
2025-12-23T12:22:11.000000Z,24075283,mint,33.052589,0.9994272911064271,2968.86055854,98072.33
2025-12-24T12:22:11.000000Z,24082447,mint,32.792581,0.99921166,2922.2008,95750.96
2025-12-25T12:29:47.000000Z,24089645,distributor,42.27368,0.99939224,2923.91711336,123529.61
2025-12-26T12:29:59.000000Z,24096812,distributor,42.296469,0.999296242341003,2964.375744,125294.39
2025-12-27T12:29:35.000000Z,24103973,distributor,41.899648,0.9992938037599178,2927.5626,122577.22
2025-12-28T12:28:59.000000Z,24111133,distributor,41.934539,0.99929708,2942.47760807,123304.71
2025-12-29T12:33:11.000000Z,24118328,distributor,42.187589,0.9992202229933114,2926.85947125,123380.86
2025-12-30T12:29:59.000000Z,24125456,distributor,42.21043,0.999118306967191,2979.36271822,125649.3
2025-12-31T12:29:59.000000Z,24132616,distributor,42.704792,0.99936828,2993.48277154,127755.3
2026-01-01T12:27:35.000000Z,24139778,distributor,42.324076,0.9988194074409004,2983.79,126137.06
2026-01-02T12:24:11.000000Z,24146929,distributor,42.384127,0.9993643308920147,3043.11020742,128897.58
2026-01-03T12:23:23.000000Z,24154094,distributor,42.497266,0.9998269674644923,3096.0237057,131549.78
2026-01-04T12:21:59.000000Z,24161266,distributor,41.766078,0.998268709164398,3137.53363899,130815.6
2026-01-05T12:21:59.000000Z,24168429,distributor,41.926645,0.99941278,3177.4688,133142.38
2026-01-06T12:22:23.000000Z,24175603,distributor,42.437357,0.9995383942464569,3238.73557051,137379.93
2026-01-07T12:22:23.000000Z,24182771,distributor,42.512486,0.9999978,3220.14152989,136895.92
2026-01-08T12:24:35.000000Z,24189935,distributor,42.102509,0.999935259907258,3095.80277495,130332.63
2026-01-09T12:23:11.000000Z,24197100,distributor,41.992959,0.9992523930706655,3088.67718542,129605.73
2026-01-10T12:22:11.000000Z,24204267,distributor,42.087689,0.999964290142708,3094.34,130228.97
2026-01-11T12:23:47.000000Z,24211444,distributor,41.432806,0.9997448946421212,3101.16871253,128457.34
2026-01-12T12:22:23.000000Z,24218603,distributor,41.476768,0.9998000482016464,3111.13729961,129014.12
2026-01-13T12:22:11.000000Z,24225764,distributor,41.652532,0.9996723921416205,3129.10820757,130292.58
2026-01-14T12:22:23.000000Z,24232910,distributor,41.932853,1.001215989749538,3291.4,138185.62
2026-01-15T12:25:59.000000Z,24240099,distributor,41.716912,0.9994263974989838,3348.788726,139620.99
2026-01-16T12:22:11.000000Z,24247258,distributor,41.516301,0.99980626,3302.13,137065.66
2026-01-17T12:24:35.000000Z,24254444,distributor,41.43236,0.9997909668370116,3300.639592,136724.7
2026-01-18T12:24:59.000000Z,24261623,distributor,41.337782,1.0002793204073552,3320.91214136,137317.49
2026-01-19T12:22:11.000000Z,24268789,distributor,42.392588,0.9999376873358439,3228.6389913,136861.83
2026-01-20T12:22:59.000000Z,24275961,distributor,41.777139,0.9998116564098434,3110.76469867,129934.37
2026-01-21T12:24:35.000000Z,24283145,distributor,42.336693,0.99968954,2906.92620862,123031.43
2026-01-22T12:21:11.000000Z,24290286,distributor,42.055854,1.000305544821096,2982.238829,125458.92
2026-01-23T12:21:59.000000Z,24297454,distributor,41.661293,0.9998318003771756,2933.28739233,122183.99
2026-01-24T12:23:23.000000Z,24304631,distributor,41.232804,1.0010153,2956.17777111,122015.25
2026-01-25T12:21:59.000000Z,24311794,distributor,41.534444,0.99986887,2933.55506823,121827.6
2026-01-26T12:24:23.000000Z,24318985,distributor,42.466355,0.9997443774948228,2910.6751,123574.16
2026-01-27T12:23:11.000000Z,24326144,distributor,42.085968,0.9997989817723023,2914.50442072,122635.08
2026-01-28T12:19:35.000000Z,24333294,distributor,41.469332,0.9999123404754389,3034.68642992,125835.39
2026-01-29T12:21:47.000000Z,24340476,distributor,41.468858,0.9991097540443625,2928.10711775,121317.16
2026-01-30T12:22:11.000000Z,24347653,distributor,44.007327,0.9998495903590862,2755.4861,121243.34
2026-01-31T12:21:59.000000Z,24354825,distributor,42.984189,0.999770419883183,2636.15536675,113286.99
2026-02-01T12:26:11.000000Z,24362004,distributor,65.322659,0.9994605637061104,2383.95648485,155642.37
2026-02-02T12:24:35.000000Z,24369155,distributor,46.380938,0.9995304253888521,2306.9,106945.94
2026-02-03T12:22:11.000000Z,24376298,distributor,42.053841,0.9995333913185575,2293.6845,96413.23
2026-02-04T12:24:23.000000Z,24383469,distributor,44.290844,0.9989861474008191,2260.40841826,100013.89
2026-02-05T12:25:47.000000Z,24390617,distributor,46.479101,0.99943181,2049.2265,95192.09
2026-02-06T12:23:35.000000Z,24397761,distributor,69.874556,0.99909088,1918.0759,133902.86
2026-02-07T12:24:11.000000Z,24404923,distributor,44.206332,0.9989028484160534,2063.27,91109.53
2026-02-08T12:24:23.000000Z,24412045,distributor,44.214329,0.9986318300893859,2122.78032713,93728.89
2026-02-09T12:22:59.000000Z,24419180,distributor,41.661606,0.998610051941466,2027.5203,84352.34
2026-02-10T12:22:23.000000Z,24426344,distributor,41.651554,0.9988463473168581,2014.29811578,83801.86
2026-02-11T12:22:47.000000Z,24433502,distributor,41.313202,0.9988279486850357,1960.621327,80904.61
2026-02-12T12:22:35.000000Z,24440668,distributor,42.635769,0.9989538,1988.56,84695.08
2026-02-13T12:25:47.000000Z,24447849,distributor,41.705744,0.9994434,1959.26673541,81667.2
2026-02-14T12:23:11.000000Z,24455004,distributor,41.714824,0.9989669288000399,2096.47990302,87363.94
2026-02-15T12:19:47.000000Z,24462161,distributor,40.518792,0.99938335,2059.05,83378.77
2026-02-16T12:20:11.000000Z,24469340,distributor,42.633077,0.9997603549378856,1970.25971,83978.1
2026-02-17T12:20:23.000000Z,24476513,distributor,41.090807,0.99951207,1967.12277561,80791.22
2026-02-18T12:21:59.000000Z,24483688,distributor,41.271865,0.9991595309704618,1982.44838132,81750.57
2026-02-19T12:22:23.000000Z,24490863,distributor,41.016228,0.9990927747328225,1944.88806149,79699.6
2026-02-20T12:22:23.000000Z,24498033,distributor,41.686502,0.9990480821024451,1946.239639,81054.69
2026-02-21T12:22:11.000000Z,24505208,distributor,41.054284,0.998905129540014,1975.29,81005.33
2026-02-22T12:21:59.000000Z,24512378,distributor,40.97763,0.99891617,1980.5,81068.24
2026-02-23T12:23:11.000000Z,24519563,distributor,40.658804,0.9989596356665377,1912.95885354,77697.7
2026-02-24T12:20:59.000000Z,24526724,distributor,42.037104,0.99881916,1826.00526134,76669.33
2026-02-25T12:21:59.000000Z,24533899,distributor,41.338949,0.9986669354030913,1937.36456802,79981.85
2026-02-26T12:21:47.000000Z,24541060,distributor,42.338811,0.9987529777579887,2059.76999999,87099.46
2026-02-27T12:21:35.000000Z,24548231,distributor,41.195304,0.9988319240041141,1958.64230684,80592.62
2026-02-28T12:23:11.000000Z,24555407,distributor,41.833109,0.9994587210288725,1873.1835,78318.67
2026-03-01T12:21:59.000000Z,24562561,distributor,41.462722,0.9989683018894029,1985.44,82236.82
2026-03-02T12:23:23.000000Z,24569736,distributor,41.885193,0.99912295,1943.382612,81327.57
2026-03-03T12:21:59.000000Z,24576900,distributor,41.232646,0.9992963111391231,1978.05708143,81503.13
2026-03-04T12:23:11.000000Z,24584070,distributor,42.198485,0.9992162378738733,2046.57577379,86294.71
2026-03-05T12:21:59.000000Z,24591237,distributor,41.774396,0.9992560278414729,2126.435619,88764.48
2026-03-06T12:21:59.000000Z,24598384,distributor,40.50243,0.99919438,2051.35071097,83017.75
2026-03-07T12:21:11.000000Z,24605538,distributor,40.444457,0.99958475,1988.8201916,80403.35
2026-03-08T12:20:59.000000Z,24612709,distributor,40.559667,0.9994951742142703,1939.5491,78627.75
2026-03-09T12:21:59.000000Z,24619885,distributor,41.070198,0.999760619811202,1997.165681,82004.36
2026-03-10T12:23:23.000000Z,24627045,distributor,41.206133,0.9996877067861454,2059.08469628,84820.42
2026-03-11T12:23:11.000000Z,24634202,distributor,41.752333,0.9995366282431809,2013.94383,84047.89
2026-03-12T12:21:59.000000Z,24641356,distributor,42.251196,0.9996123805916194,2059.500321,86982.62
2026-03-13T12:23:11.000000Z,24648519,distributor,78.857139,0.9995969509778425,2128.32771098,167766.19
2026-03-14T12:19:59.000000Z,24655680,distributor,41.467177,0.9994989064331713,2076.705377,86071.96
2026-03-15T12:19:59.000000Z,24662848,distributor,40.831822,0.9995859626788854,2118.4006,86462.34
2026-03-16T12:20:23.000000Z,24670020,distributor,43.334953,0.999659097843325,2283.88591,98938.35
2026-03-17T12:22:11.000000Z,24677188,distributor,40.912153,0.99958936,2325.77718042,95113.48
2026-03-18T12:22:11.000000Z,24684338,distributor,41.102789,0.9997060156333227,2267.6,93177.28
2026-03-19T12:22:11.000000Z,24691504,distributor,42.308998,0.99976691,2157.41265424,91256.69
2026-03-20T12:21:59.000000Z,24698680,distributor,42.201412,0.9999155647695258,2150.37941839,90741.39
2026-03-21T12:21:59.000000Z,24705850,distributor,41.032132,0.9999033637678548,2158.005,88538.99
2026-03-22T12:23:11.000000Z,24713026,distributor,50.416436,1.0000947244111837,2076.40997,104695.11
2026-03-23T12:21:59.000000Z,24720188,distributor,43.014244,0.9999156221407058,2123.00034568,91311.55
2026-03-24T12:23:23.000000Z,24727368,distributor,41.960557,0.9997493029101039,2160.3159,90625.33
2026-03-25T12:23:47.000000Z,24734547,distributor,41.669898,0.99998941,2172.43334868,90524.12
2026-03-26T12:21:59.000000Z,24741701,distributor,42.204536,0.9997,2068.33,87266.72
2026-03-27T12:22:47.000000Z,24748872,distributor,42.410658,1.000374206764418,1991.9184,84510.18
2026-03-28T12:22:35.000000Z,24756040,distributor,41.399212,0.9996957115931515,1996.62084796,82633.38
2026-03-29T12:23:11.000000Z,24763216,distributor,41.074002,0.99992201,2006.25377593,82398.44
2026-03-30T12:21:59.000000Z,24770385,distributor,41.526699,0.9998,2072.88169875,86062.72
2026-03-31T12:23:11.000000Z,24777563,distributor,41.750063,0.99972555,2043.53111,85294.14
2026-04-01T12:21:59.000000Z,24784715,distributor,42.058826,0.9992979850425593,2131.73726571,89595.43
2026-04-02T12:21:59.000000Z,24791893,distributor,43.667472,0.9997666704877956,2026.80789711,88484.93
2026-04-03T12:22:11.000000Z,24799072,distributor,41.781407,0.9996493214827799,2062.93708663,86162.19
2026-04-04T12:21:59.000000Z,24806251,distributor,41.142065,0.99975877,2052.073,84406.15
2026-04-05T12:23:11.000000Z,24813433,distributor,41.224905,0.9999922973392844,2040.95,84137.32
2026-04-06T12:22:11.000000Z,24820602,distributor,41.614031,1.0001188390306055,2150.17478643,89488.07
2026-04-07T12:22:11.000000Z,24827780,distributor,41.983893,0.99995797,2077.71515863,87226.9
2026-04-08T12:21:59.000000Z,24834958,distributor,42.45215,0.9998571233793341,2251.59,95571.18
2026-04-09T12:23:11.000000Z,24842131,distributor,41.489274,0.999940157341675,2181.15,90488.91
2026-04-10T12:21:59.000000Z,24849293,distributor,41.864028,0.9997977070924221,2224.06,93089.28
2026-04-11T12:21:59.000000Z,24856465,distributor,41.705108,1.0004749584983585,2244.88389327,93667.59
2026-04-12T12:22:23.000000Z,24863642,distributor,41.594466,0.9999845297614876,2205.62599887,91740.42
2026-04-13T12:21:59.000000Z,24870820,distributor,42.166052,1.000109824209083,2184.72387,92131.3
2026-04-14T12:21:59.000000Z,24878001,distributor,42.352457,0.9999522154855667,2373.54195047,100520.53
2026-04-15T12:22:11.000000Z,24885185,distributor,41.614705,1.0001709,2330.1038,96983.15
2026-04-16T12:23:11.000000Z,24892361,distributor,41.621932,0.99988119,2340.94391108,97423.03
2026-04-17T12:21:59.000000Z,24899541,distributor,42.968039,0.9998282310087886,2352.8252,101078.92
2026-04-18T12:23:35.000000Z,24906731,distributor,43.219686,0.99981938,2358.68134001,101923.06
2026-04-19T12:21:59.000000Z,24913902,distributor,46.898435,0.9947332031868489,2328.80731478,108642.19
2026-04-20T12:22:47.000000Z,24921082,distributor,49.528188,0.9925193454543003,2309.9167,113550.16
2026-04-21T12:22:11.000000Z,24928264,distributor,45.048883,0.9936354603349679,2317.9947,103758.47
2026-04-22T12:22:11.000000Z,24935438,distributor,45.236814,0.9960709968056554,2399.47925409,108118.32
2026-04-23T12:23:35.000000Z,24942621,distributor,45.468371,0.9975576608513265,2330.0018505,105682.64
2026-04-24T12:21:59.000000Z,24949793,distributor,46.050983,0.997478023716074,2329.89533499,107023.38
2026-04-25T12:22:35.000000Z,24956984,distributor,43.310349,0.9969095269226238,2314.28118711,99922.56
2026-04-26T12:21:59.000000Z,24964164,distributor,44.033368,0.9969635540867986,2337.0410884,102595.32
2026-04-27T12:23:11.000000Z,24971354,distributor,43.79983,0.9973073579685057,2316.7946,101201.97
2026-04-28T12:21:59.000000Z,24978528,distributor,42.903114,0.997731794860022,2271.45,97231.24
2026-04-29T12:20:47.000000Z,24985705,distributor,42.416277,0.9974578860407067,2330.98,98620.15
2026-04-30T12:20:47.000000Z,24992886,distributor,41.595544,0.9985824448633577,2259.61480207,93856.67
2026-05-01T12:20:35.000000Z,25000056,distributor,41.55537,0.9985601441263846,2285.77572402,94849.49
2026-05-02T12:21:59.000000Z,25007252,distributor,40.463777,0.99871351334882,2301.42927,93004.72
2026-05-03T12:21:59.000000Z,25014435,distributor,39.958132,0.9985116074177974,2331.4,93019.73
2026-05-04T12:23:11.000000Z,25021603,distributor,40.351708,0.9978653526194431,2335.901,94056.39
2026-05-05T12:21:59.000000Z,25028772,distributor,40.389059,0.9984033620524781,2382.065,96055.75
2026-05-06T12:23:23.000000Z,25035963,distributor,39.490543,0.9981749,2412.20134321,95085.28
2026-05-07T12:20:59.000000Z,25043124,distributor,40.446508,0.9989082001949385,2330.60219626,94161.8
2026-05-08T12:20:59.000000Z,25050305,distributor,41.514755,0.9997823345807738,2295.92,95293.81
2026-05-09T12:21:23.000000Z,25057489,distributor,39.947952,0.99945985,2315.3739,92444.49
2026-05-10T12:18:59.000000Z,25064646,distributor,39.452242,0.9995011140286254,2322.35628863,91576.45
2026-05-11T12:22:11.000000Z,25071833,distributor,40.504514,0.9998763468743888,2335.513,94587.12
2026-05-12T12:22:11.000000Z,25079007,distributor,40.831683,0.9997144537504181,2285.80574699,93306.64
2026-05-13T12:22:11.000000Z,25086185,distributor,39.94273,0.999723765916067,2300.82999637,91876.04
2026-05-14T12:21:59.000000Z,25093343,distributor,40.166438,0.99986962,2256.15262399,90609.8
2026-05-15T12:23:11.000000Z,25100521,distributor,39.329062,0.9999303280080866,2259.05792011,88840.44
2026-05-16T12:21:23.000000Z,25107695,distributor,39.627972,0.9999620646879867,2173.3263,86121.25
2026-05-17T12:22:47.000000Z,25114880,distributor,39.030243,0.999950119603877,2190.84480557,85504.94
2026-05-18T12:22:11.000000Z,25122058,distributor,40.022082,0.9999522061241485,2141.34759212,85697.09
2026-05-19T12:21:59.000000Z,25129236,distributor,39.430491,0.99971195559532,2112.40123338,83269.03
2026-05-20T12:21:59.000000Z,25136415,distributor,39.179166,1.0003598,2126.906,83360.39
2026-05-21T12:22:11.000000Z,25143591,distributor,39.68662,1.0001076,2114.48,83925.59
2026-05-22T12:21:59.000000Z,25150766,distributor,38.672834,0.9997476197439299,2127.00311571,82236.48
2026-05-23T12:21:59.000000Z,25157944,distributor,38.825881,0.9999256852309522,2028.71890828,78760.94
2026-05-24T12:23:11.000000Z,25165126,distributor,38.939809,0.9991980864097172,2122.4773522,82582.59
2026-05-25T12:21:35.000000Z,25172287,distributor,38.921058,1.0000119237566487,2110.85770781,82157.79
2026-05-26T12:21:35.000000Z,25179458,distributor,39.07938,1.0002156966827105,2109.44669232,82453.65
2026-05-27T12:22:11.000000Z,25186639,distributor,39.493369,0.9998403842058081,2075.3,81947.51
2026-05-28T12:21:59.000000Z,25193813,distributor,40.659155,0.99962657,1984.66007322,80664.47
2026-05-29T12:22:11.000000Z,25200989,distributor,39.624921,0.99968191,2004.19906856,79390.97
2026-05-30T12:22:23.000000Z,25208159,distributor,39.438153,1.0000801319791275,2014.75535,79464.6
2026-05-31T12:21:59.000000Z,25215319,distributor,39.08196,0.9999378953689084,2019.9799337,78939.87
2026-06-01T12:22:11.000000Z,25222492,distributor,39.449303,1.0000417258531973,1976.91807292,77991.29
2026-06-02T12:23:11.000000Z,25229671,distributor,39.844973,0.9998731883790467,1976.47996977,78742.8
2026-06-03T12:20:59.000000Z,25236828,distributor,41.492377,0.9998183303255241,1875.3135,77797.08
2026-06-04T12:21:35.000000Z,25243991,distributor,42.310133,0.99988526,1748.0865,73953.29
2026-06-05T12:22:23.000000Z,25251145,distributor,44.837934,0.9997115587091152,1666.88452,74718.1
2026-06-06T12:21:59.000000Z,25258314,distributor,51.494463,0.9992682874985541,1563.36227541,80445.59
2026-06-07T12:21:59.000000Z,25265486,distributor,39.308578,0.9997753295908618,1609.28390723,63244.45
2026-06-08T12:22:11.000000Z,25272663,distributor,42.820601,0.9998737981687664,1670.08,71504.8
2026-06-09T12:22:11.000000Z,25279838,distributor,42.591955,0.9998865724826174,1681.33323,71603.15
2026-06-10T12:21:59.000000Z,25287017,distributor,39.695261,0.9998004151379621,1621.49042948,64352.64
2026-06-11T12:23:11.000000Z,25294190,distributor,39.861542,0.9998983090483153,1655.49631613,65983.93
2026-06-12T12:21:47.000000Z,25301354,distributor,39.420688,0.9990570360159157,1675.97650651,66005.85
2026-06-13T12:22:11.000000Z,25308527,distributor,38.994926,0.9996511910451101,1676.6554,65358.25
2026-06-14T12:22:11.000000Z,25315694,distributor,38.383809,0.9997325863902653,1673.02,64199.71
2026-06-15T12:20:59.000000Z,25322865,distributor,39.171369,0.9998518208136042,1761.8209,69002.71
2026-06-16T12:22:11.000000Z,25330050,distributor,40.060394,0.9995807974646803,1816.8694636,72753.99
2026-06-17T12:21:59.000000Z,25337234,distributor,39.952751,0.9997358054486704,1752.9069,70014.95
2026-06-18T12:23:11.000000Z,25344424,distributor,39.96148,0.9998994850296676,1747.28992,69817.27
2026-06-19T12:21:59.000000Z,25351594,distributor,40.015547,0.9999121197593369,1690.66683798,67647.01
2026-06-20T12:23:11.000000Z,25358774,distributor,38.581279,0.999964285896199,1726.20546003,66596.84
2026-06-21T12:21:11.000000Z,25365930,distributor,38.396593,0.9999647418509632,1717.76806192,65954.12
2026-06-22T12:22:23.000000Z,25373112,distributor,39.142141,0.9998399834525751,1766.10734056,69118.16
2026-06-23T12:22:11.000000Z,25380282,distributor,40.038483,1.0000380173037422,1660.51417,66487.0
2026-06-24T12:19:47.000000Z,25387431,distributor,38.681079,0.9999207437377153,1674.42474837,64763.42
2026-06-25T12:22:11.000000Z,25394610,distributor,40.344113,0.99952169,1629.39201458,65704.93
2026-06-26T12:21:59.000000Z,25401774,distributor,44.842621,0.99981133253115,1547.01068662,69358.92
2026-06-27T12:21:59.000000Z,25408946,distributor,39.541635,0.9997815161892631,1581.2163,62510.22
2026-06-28T12:21:59.000000Z,25416126,distributor,38.133836,0.9996112151652167,1579.6,60212.79
2026-06-29T12:23:47.000000Z,25423300,distributor,38.591567,0.99971255,1592.908,61455.15
2026-06-30T12:21:23.000000Z,25430461,distributor,39.653611,0.9997155542069994,1568.50968,62179.38
2026-07-01T12:22:47.000000Z,25437638,distributor,39.166521,0.99979234,1568.424,61416.96
2026-07-02T12:21:35.000000Z,25444795,distributor,39.950286,0.9997636445239241,1653.8318407,66055.44
2026-07-03T12:21:59.000000Z,25451954,distributor,39.316229,0.9998002805562173,1731.14898221,68048.66
2026-07-04T12:22:11.000000Z,25459129,distributor,38.810507,0.9994349697703707,1758.06316236,68192.77
2026-07-05T12:21:59.000000Z,25466291,distributor,38.44893,0.9999582829120308,1759.7442,67657.46
2026-07-06T12:21:59.000000Z,25473462,distributor,38.140857,0.9998537447298916,1744.13120921,66512.93
2026-07-07T12:23:35.000000Z,25480647,distributor,39.050043,0.9999158039545403,1787.75629217,69806.08
2026-07-08T12:23:11.000000Z,25487824,distributor,39.120875,0.9997883757784412,1745.01051562,68251.89
2026-07-09T12:21:59.000000Z,25494992,distributor,38.511937,0.9993236581565755,1742.8309,67074.4
2026-07-10T12:23:35.000000Z,25502165,distributor,38.075839,0.9998824803643385,1804.2103,68688.75
2026-07-11T12:22:11.000000Z,25509339,distributor,38.109339,0.999376852758005,1799.1394,68521.29
2026-07-12T12:21:35.000000Z,25516508,distributor,37.842029,0.99985627,1806.36,68346.5
2026-07-13T12:21:59.000000Z,25523676,distributor,38.174159,1.0000045,1780.4938,67969.16
2026-07-14T12:21:11.000000Z,25530848,distributor,38.557046,0.9998670542907544,1796.8411,69271.67
2026-07-15T12:21:59.000000Z,25538024,distributor,38.178406,0.9999908082768808,1882.13,71856.06
2026-07-16T12:21:59.000000Z,25545196,distributor,38.144758,1.0001394972778368,1881.79628012,71790.68
2026-07-17T12:22:35.000000Z,25552379,distributor,38.17572,0.9997994943753943,1836.57626924,70098.56
2026-07-18T12:24:59.000000Z,25559571,distributor,38.297549,0.9997356975905137,1845.41087975,70656.03
2026-07-19T12:23:35.000000Z,25566732,distributor,37.319879,0.9999653831326987,1864.12279172,69566.43
2026-07-20T12:22:23.000000Z,25573897,distributor,38.298306,0.9993655587159993,1881.95778401,72030.07
2026-07-21T12:21:59.000000Z,25581066,distributor,38.213924,0.999950546007835,1935.53097152,73960.58
2026-07-22T12:21:11.000000Z,25588234,distributor,38.5888,0.9998050277253561,1928.6,74407.85
2026-07-23T12:21:11.000000Z,25595395,distributor,38.087311,1.0000126,1925.05266616,73321.0
2026-07-24T12:21:59.000000Z,25602567,distributor,38.469671,0.9999847544950576,1881.63,72384.58
2026-07-25T16:03:23.000000Z,25610856,distributor,36.04777,1.0007052,1867.68934244,67373.51
2026-07-26T13:54:23.000000Z,25617394,distributor,40.418131,1.0000143732170528,1885.31415415,76201.97
2026-07-27T14:49:59.000000Z,25624849,distributor,38.918606,1.0000622760963287,1921.77093402,74797.3
2026-07-28T17:14:47.000000Z,25632743,distributor,38.586251,0.9999508375261906,1917.74429278,73994.92
2026-07-29T12:23:11.000000Z,25638465,distributor,38.768835,0.99991904,1903.23976365,73780.41
2026-07-30T12:21:59.000000Z,25645641,distributor,40.386449,0.9998294543635496,1917.31777795,77420.45
2026-07-31T12:21:35.000000Z,25652808,distributor,39.58923,0.99980313,1881.17753482,74459.71
2026-08-01T12:21:23.000000Z,25659989,distributor,39.343519,0.999994660835592,1865.66292321,73401.35
2026-08-02T12:21:59.000000Z,25667166,distributor,38.579504,0.9998916865361481,1856.54481881,71616.82
2026-08-03T12:23:23.000000Z,25674343,distributor,38.390498,0.9996921178512672,1840.03,70617.92
2026-08-04T12:22:35.000000Z,25681521,distributor,39.020898,0.9997985364801437,1871.31209368,73005.57
2026-08-05T12:22:23.000000Z,25688696,distributor,39.103808,0.9996169998620256,1876.949,73367.74
2026-08-06T12:23:47.000000Z,25695886,distributor,39.17331,0.9996417073333085,1906.36,74651.68
2026-08-07T12:21:47.000000Z,25703056,distributor,38.869024,0.99990246,1927.42025553,74909.64
2026-08-08T12:21:59.000000Z,25710210,distributor,38.076699,0.9998829250008027,1919.48650675,73079.15
2026-08-09T12:21:47.000000Z,25717389,distributor,39.301997,1.0001335772931572,1916.53969478,75333.9
2026-08-10T12:21:23.000000Z,25724560,distributor,38.757493,0.9998366111287885,1917.56524565,74307.88
2026-08-11T12:21:59.000000Z,25731724,distributor,38.982183,1.0001857512899377,1893.56661495,73829.07
2026-08-12T12:23:23.000000Z,25738892,distributor,38.845639,0.9999541126251528,1914.42155289,74363.52
2026-08-13T12:22:23.000000Z,25746068,distributor,39.298976,0.9995816996132662,1877.23,73742.36
2026-08-14T12:21:59.000000Z,25753242,distributor,39.137917,0.999874751718123,1875.18509853,73381.65
2026-08-15T12:23:59.000000Z,25760424,distributor,38.937758,0.999904649934626,1877.1248858,73084.06
2026-08-16T12:21:11.000000Z,25767585,distributor,38.492079,0.9999278609336864,1878.53593216,72303.54
2026-08-17T12:21:23.000000Z,25774768,distributor,39.032055,0.9995534103233655,1904.01965441,74284.61
2026-08-18T12:21:11.000000Z,25781938,distributor,39.208278,0.9987701400392158,1900.72010812,74432.31
2026-08-19T12:21:11.000000Z,25789119,distributor,39.357066,0.999883767686178,1921.03531511,75597.53
2026-08-20T12:21:59.000000Z,25796297,distributor,42.921659,0.99997585,2269.67054685,97415.67
2026-08-21T12:23:23.000000Z,25803485,distributor,40.558211,0.9997638715356719,2368.1814,96026.52
2026-08-22T12:23:11.000000Z,25810661,distributor,43.041755,0.9997127924281243,2425.56,104370.38
2026-08-23T12:22:23.000000Z,25817827,distributor,40.003595,0.9997562423286093,2424.41183567,96961.55
2026-08-24T12:23:59.000000Z,25825014,distributor,41.250237,0.999562603458615,2489.4994056,102647.52
2026-08-25T12:22:11.000000Z,25832183,distributor,41.048391,0.9998218793818826,2467.41803544,101265.5
2026-08-26T12:21:35.000000Z,25839354,distributor,39.990975,0.9998472208714729,2460.14733166,98368.66
2026-08-27T12:21:23.000000Z,25846524,distributor,39.868987,0.9994315907724299,2502.62,99720.21
2026-08-28T12:21:35.000000Z,25853706,distributor,40.349664,0.9992745105480267,2504.38,100977.58
2026-08-29T12:22:59.000000Z,25860884,distributor,40.076627,0.9997290061882353,2435.76327525,97590.72
2026-08-30T12:21:59.000000Z,25868055,distributor,40.055382,0.9997289301659757,2460.7212,98538.41
2026-08-31T12:22:35.000000Z,25875233,distributor,41.251146,0.99985068548427,2459.5145,101442.64
2026-09-01T12:21:59.000000Z,25882400,distributor,40.34313,0.9999522915367169,2457.72092281,99147.43
2026-09-02T12:22:47.000000Z,25889579,distributor,39.785233,0.9994163690998182,2385.8621122,94866.68
2026-09-03T12:21:23.000000Z,25896744,distributor,39.966052,0.9997707155211507,2401.71,95964.86
2026-09-04T12:21:11.000000Z,25903920,distributor,40.975964,0.9997331880085835,2525.24,103446.54
2026-09-05T12:21:11.000000Z,25911092,distributor,40.584885,0.999716114195968,2455.6657,99634.62
2026-09-06T12:22:11.000000Z,25918274,distributor,40.694772,0.9995964172903262,2501.73911263,101766.61
2026-09-07T12:21:59.000000Z,25925446,distributor,40.919079,0.99974297,2490.2929,101874.3
2026-09-08T12:21:59.000000Z,25932615,distributor,40.77988,0.99975633,2471.40490425,100759.04
2026-09-09T12:22:11.000000Z,25939783,distributor,42.514223,0.99963942,2498.24712289,106172.74
2026-09-10T12:22:11.000000Z,25946958,distributor,40.979767,0.9997951032510999,2461.50497065,100851.23
2026-09-11T12:23:35.000000Z,25954139,distributor,40.665837,0.99997430268679,2454.08328708,99794.79
2026-09-12T12:23:23.000000Z,25961308,distributor,42.229063,0.99983943,2534.66706996,107019.43
2026-09-13T12:22:47.000000Z,25968486,distributor,40.57071,0.999819874043634,2473.5957143,100337.46
2026-09-14T12:22:11.000000Z,25975667,distributor,40.631295,0.99983715,2511.0442,102010.36
2026-09-15T12:23:23.000000Z,25982839,distributor,42.030969,0.999717336525921,2476.62011312,104065.32
2026-09-16T12:21:35.000000Z,25990003,distributor,41.266491,1.000061075278627,2414.31461915,99636.38
2026-09-17T12:22:11.000000Z,25997181,distributor,41.264419,0.9995538872519684,2455.8,101291.95
2026-09-18T12:22:35.000000Z,26004357,distributor,41.384241,0.9992057189052024,2503.5,103523.16
2026-09-19T12:22:11.000000Z,26011532,distributor,41.396659,0.9997881626431695,2637.14319897,109145.79
2026-09-20T12:22:35.000000Z,26018695,distributor,41.044141,0.9997985267408903,2575.8856,105703.71
2026-09-21T12:23:35.000000Z,26025862,distributor,40.811939,0.9998272829130197,2723.1664,111118.51
2026-09-22T12:22:23.000000Z,26032998,distributor,40.699178,1.0000549640511982,2743.23239225,111653.44
2026-09-23T12:22:11.000000Z,26040148,distributor,41.827091,0.9998843614643604,2725.85977745,114001.6
2026-09-24T12:23:47.000000Z,26047293,distributor,41.428789,0.99966592,2643.94,109498.64
2026-09-25T12:21:59.000000Z,26054435,distributor,42.208599,0.9998655418042128,2687.3133695,113412.48
2026-09-26T12:22:11.000000Z,26061596,distributor,40.514281,0.999247191732402,2689.1174,108865.64
2026-09-27T12:22:35.000000Z,26068765,distributor,40.262195,0.99986117,2709.3129,109067.74
