ts,block,tx,stEthConverted,stEthUsdPrice,revenueUSD
2026-08-15T12:38:35+00:00,25760497,0x449a202a5f34a47d36679203743752c919d3e8d413cd228cc0a9869464ff7eec,38.93775769148853,1876.9459018194239,73084.06472507713
2026-08-16T14:27:23+00:00,25768215,0xed06f004f6ee00d625c8ce6129d6e44ba07b74507eb0af38c7c7bb38d61bd9d4,38.49207857973406,1879.8539077007426,72359.48433363713
2026-08-17T12:41:59+00:00,25774870,0x5c9663bc429c9cfac0d6359aab3d0ba397140a68444d7597ca0569f6b2e75061,39.03205493999093,1896.8395523885288,74037.54562117685
2026-08-18T12:52:47+00:00,25782095,0xd8d48ecc8d305d0d288c3f65a860b27f6dec316d68d4fb50b6e341ecd194d72b,39.20827779804131,1898.3824885623658,74432.30797849021
2026-08-19T12:58:11+00:00,25789303,0x649d8e697779cd288d3582c38b7d2e7389af30f4ad615624477321256521dc0a,39.3570656847117,1935.8249684288248,76188.39043655823
2026-08-20T13:07:47+00:00,25796525,0xfed7fb0d603d580594ac956d04e7608d5630ce18fbaed738f1a6084ed094d24a,42.92165942446879,2294.2137213705596,98471.4599956103
2026-08-21T13:12:47+00:00,25803732,0xa9efa0a5f60b9d64a393fb57d64cdc3efea5c97b7f6973cd219debb1c405fa51,40.558211438557095,2386.659122442992,96798.62531980399
2026-08-22T13:17:47+00:00,25810933,0xdd5055643a63b23f1b652be57b89be4ac1843101ff0ae3a266d586470f1dfad2,43.0417552530754,2428.632278029415,104532.59611066106
2026-08-23T12:32:47+00:00,25817879,0x5413934c78dc76f98d6dae78f6fc442cfc26042ce8bf0883e7b78684fb8220af,40.00359508300922,2423.8208666864452,96961.54850467302
2026-08-24T13:27:47+00:00,25825333,0xfaf8c92a4a7b4f1f4a9d590913baeda5fd83261234364acd090221c5f6eaad5f,41.2502372419077,2513.730302952911,103691.97135898012
2026-08-25T12:27:47+00:00,25832211,0x8311720de43336eae64ac9d81577c32e1ee7c6cb120b9139d3cd16683dcea72d,41.04839050779349,2466.9785374143735,101265.49837813043
2026-08-26T12:32:47+00:00,25839410,0xc55f2feabd669b8970aec19fe013d2d9b9d55c0c5fc76600e6a1a37c082191df,39.99097484378402,2459.771472494621,98368.65907798994
2026-08-27T12:32:47+00:00,25846581,0xe7a5dc43d185068fd5d388bc4204ec87d57d6cc7fc1cd071e7e6dad2b9784fc2,39.86898668208845,2503.991348479471,99831.59772459274
2026-08-28T12:32:47+00:00,25853762,0xe8c1cb55271591c05526ed019f730ae5a6d58991f6bd16f94e63b869a020a19c,40.349663946249876,2502.563098726267,100977.58003789064
2026-08-29T12:27:47+00:00,25860908,0x3b98550527e500828ff2112ea05e7994da72b6709131541644f6e69cace12973,40.07662741068859,2435.103198475483,97590.723591878
2026-08-30T12:37:47+00:00,25868133,0x96a61dff57c84d806072ee70e199279e98a1c4e3f93634dc74f8806a00ca2bd0,40.05538168668143,2460.054172712736,98538.40885792195
2026-08-31T12:37:47+00:00,25875309,0x2056a209d443891da1e5805722780406133254a5987dd97a839efb3985a21961,41.25114623282427,2459.1472587835015,101442.64318012717
2026-09-01T12:32:47+00:00,25882453,0x94742027563c32775485f2f3a1570d6e2ef0f9475d713c6f98146feb778c275c,40.34313041278276,2457.603668721594,99147.42531016865
2026-09-02T13:12:47+00:00,25889828,0x93766d0bff0fc5fe6f9816b2345e7414d514352759235bfd321f0a0c0c77a40a,39.78523306488532,2384.4696493477472,94866.6807354455
2026-09-03T12:45:35+00:00,25896865,0x2a93bae3516565f5233151a9f7b5eef297be9ba30f0709f6f13b33d351ea7c5e,39.96605227886404,2406.640059568778,96183.90243713425
2026-09-04T12:45:35+00:00,25904042,0x38a18d7562a51821b88aa1a21f8419d4c800e674b89b75e5ed2c629de02db481,40.975964394882894,2450.3407492520664,100405.07529668334
2026-09-05T12:35:47+00:00,25911165,0x3ba5f90f69d29846a6ae4f322624991499b04629527308468dbd020ab2365102,40.58488461305921,2454.968571368322,99634.61619767013
2026-09-06T12:45:35+00:00,25918390,0xe50855b31887a3874c8baf783588a02e4f4deb4314f2947d730aa0ddad6d9bf7,40.69477178454363,2500.7294539800278,101766.61442460363
2026-09-07T12:25:35+00:00,25925464,0x5033b16ba6585c4bca92cf4395c6bfa95f7eb9990341fc65c2b8fc75bc40e350,40.919078663995144,2489.652820015913,101874.29958826849
2026-09-08T12:40:35+00:00,25932707,0xdf54e9352f5a9581d7032ce98f9b8e682dfb545b29de1b0483abaa2df8699413,40.77987968960832,2470.8026970169813,100759.03672111226
2026-09-09T12:25:35+00:00,25939800,0x7551afbe5b869364d36b587808dc9fc09a72ad6feffdaaee0fe8eb1709c85d65,42.514222760822236,2497.346304942428,106172.73711923869
2026-09-10T12:40:35+00:00,25947049,0x1e7bec06fb10fe8434a4c1164f8a36f315bf369d02006ba47a13f0db28b1b2ce,40.979766930162555,2431.806882711092,99654.8792726657
2026-09-11T12:35:35+00:00,25954198,0x1a60ee06a98c912c7f5d83eb056193f3728c8b2c41a5f5e6056155633a611e87,40.66583668746343,2472.6113837579896,100550.81072346537
2026-09-12T12:40:35+00:00,25961394,0x421ab8f52d9549c6ce26059791de1137859d05067001167a3c37e8b3298bd41b,42.22906334746779,2534.2600784685765,107019.42939260823
2026-09-13T13:00:35+00:00,25968673,0xcf8592de63c36641c399f180342c14679f5c1059bf8f08140385150b61f779bb,40.57071001939612,2479.0751737644446,100577.83999108133
2026-09-14T13:10:35+00:00,25975909,0xe513771989248c954497180ff9769a994d2f155ec092142501d246424cee9f12,40.63129470953216,2497.983392206964,101496.29938827801
2026-09-15T13:20:35+00:00,25983124,0x89b6c509f68ec45641a10ee01747092a2747cc9df47e03402771b6c00a884e7a,42.03096888936732,2479.9939642162108,104236.54915579027
2026-09-16T12:25:35+00:00,25990023,0x1d0f2272eb1b17e238812b57105ce262814a1dca76b7f59fd2079600c36ec367,41.26649055527266,2414.4620740880578,99636.37637641888
2026-09-17T12:30:35+00:00,25997223,0x394b132999151fb3f31e8d093ab3bd2ade2b4cf5e6360f73846f38b403b939b4,41.26441910440648,2468.2822799308333,101852.23446704586
2026-09-18T12:35:35+00:00,26004422,0xfb4780fcab92fdcc997bc35a34f629ce167d3a0b36bfe57c423dbbc0d03312d3,41.38424130110798,2501.511517279174,103523.15624858208
2026-09-19T12:40:35+00:00,26011623,0x7ddada461491b805e0c458680ca9b149fbf516cadaecf8ae38e96d137dd38ea4,41.39665858620268,2641.4103320583745,109345.56170228879
2026-09-20T12:50:35+00:00,26018835,0x93b6616c20d2120c270ffd6a1a31c783419157c4998eeb0149e307e0b0bae5e3,41.04414060446293,2575.3666279330746,105703.70998492667
2026-09-21T13:00:35+00:00,26026045,0xe8b5083ab8b1a9e42b25efa72a939465770db81d62a9dbb0486af3c888b3ebd9,40.81193947327529,2733.722957769821,111568.535889205
2026-09-22T13:00:35+00:00,26033189,0xc4fa252ce6ff4de5b827792bf19d3cf1ad0cd0d55441b5a988d5fba624fa3018,40.69917801272843,2743.3831714156563,111653.44005056928
2026-09-23T13:05:35+00:00,26040363,0x5e9087f43f53a2092c815ba17945114996f05a12113072dbe8084d25f4fa2d05,41.827090871906655,2716.8484900544195,113637.86867870859
2026-09-24T12:55:35+00:00,26047451,0x4158e8ec78ceda1513f52fe91a4829cc29e2054bd821e7215d4c726f258d5e6c,41.428789027769255,2643.0567125248,109498.63893161931
2026-09-25T13:00:35+00:00,26054628,0x4ce8577dbb2209b2b3b915efa9fd34817e433d0f7d371dbce3dc16bf49fcae4c,42.20859926988242,2716.1153005958627,114643.422293647
2026-09-26T13:10:35+00:00,26061837,0x42115d9908d8cc685927e2f9927de5d10193bec2c45f42be86b24106f4a68a0a,40.514281185112814,2687.9498646556485,108900.3566281449
2026-09-27T13:05:35+00:00,26068979,0x27a495b2b0865c32f19890283a61a1b4052229544fd280e5afc41724adc4b320,40.26219461037344,2700.2350743137,108717.39005577438
2026-09-28T13:05:35+00:00,26076140,0xb2d476a5c2475b8c67925b191860cba4cde4477af3f86a26c405cfca2083b0e6,42.96575831220146,2679.325585161267,115119.25553173674
