ts,block,tx,totalRevenueUSD,reserveUSD,budgetDeltaUSD,budgetUSD
2026-08-21T13:12:47+00:00,25803732,0xcb434d51520e3f45fbc7498c40c03a9eb7fc742e8908a1ba58a3557de7ee4242,565371.8784103538,1315068.0,-374848.0607948231,-374848.0607948231
2026-08-21T13:13:11+00:00,25803734,0x459950ced59fbfd1993d6f09bb95586182fec3091cf45e88d38502751d48c7f1,565371.8784103538,0.0,0.0,-374848.0607948231
2026-08-24T11:21:35+00:00,25824702,0x3398023142363cbeae07ced02a11387fae13ee38d66c690c11f582174ac5caa8,766866.0230256879,328767.0,-63636.42769233296,-438484.48848715605
2026-08-31T09:21:11+00:00,25874332,0xa97ce86781ffde8fa73c871ff0102afd37ffa972be9b4de1af30785c6fdc9e1a,1467130.462053072,767123.0,-33429.28048630808,-471913.76897346415
2026-09-01T10:19:11+00:00,25881789,0x2c9a23066266aeb56cf0720ec7efe1af324ee9c6e05b8bc40627acea1a560092,1568573.105233199,109589.0,-4073.1784099364177,-475986.9473834005
2026-09-02T13:50:47+00:00,25890017,0x2eca52069abb4ff3283553b18a0ef37f2e05ffcf6fb80568d35d6045e4908f3a,1762587.211278813,109589.0,42212.553022807064,-433774.39436059346
2026-09-03T00:15:35+00:00,25893129,0xb1568f617692744ec9dc969ccf3cb3e31c13ced2211a5a49fe9e5ed3f9ed788e,1762587.211278813,109589.0,-54794.5,-488568.89436059346
2026-09-04T00:15:35+00:00,25900303,0xb3e4f51ccc49efb69fac650a41319867931d90686e6fbf605d0b53498a5a88ed,1858771.1137159474,109589.0,-6702.548781432875,-495271.4431420264
2026-09-05T00:10:35+00:00,25907452,0xd9a8b6786220c2283626828f5610d2b2c82730b19c688c8e88713c06e2586e5c,1959176.1890126306,109589.0,-4591.962351658326,-499863.40549368464
2026-09-06T00:05:35+00:00,25914602,0x5de873106b6089fa6ba265d5f886fb6b8907e9ba10af78fc5db1873aae3f3189,2058810.8052103007,109589.0,-4977.191901164933,-504840.5973948496
2026-09-07T00:00:35+00:00,25921756,0x9fbe9662b5eeae95a6d320fccc9b8bac30263cf138cdc93c15fee1b387f0cad4,2160577.4196349042,109589.0,-3911.1927876981827,-508751.79018254776
2026-09-08T01:00:35+00:00,25929221,0x9d5f03d5faf692cd824d36772dc1bbdd57ae7473ba8b749656c9ec6a15c6f60b,2262451.719223173,109589.0,-3857.350205865749,-512609.1403884135
2026-09-09T00:00:35+00:00,25936092,0x2e47b7f535b23aaa1cbe59fac655dc19234436b601d3d528fd41b1d102413e40,2363210.755944285,109589.0,-4414.981639443868,-517024.1220278574
2026-09-10T00:55:35+00:00,25943538,0x572ba9e5abb6b254ff54b32f1b0fc4b1e99d745705327c7f224ea994305d41c4,2469383.493063524,109589.0,-1708.1314403806507,-518732.25346823805
2026-09-11T00:05:47+00:00,25950459,0xe519cdbb78b55b6d28740dd614753221f880bc21dfeaeccaafa74042f1b44a6f,2569038.3723361897,109589.0,-4967.060363667149,-523699.3138319052
2026-09-12T00:15:35+00:00,25957683,0x0737f2c6f570de464ba78e713a02e1b835c6c01ca2d749c272afc6f01f41b3f2,2669589.183059655,109589.0,-4519.094638267316,-528218.4084701726
2026-09-13T00:15:35+00:00,25964858,0x9aa950292e4134a4ec9713928bf3a1cd346b8e9f80a32b30f0c5bdb5e0968cb9,2776608.612452263,109589.0,-1284.7853036958838,-529503.1937738684
2026-09-14T00:30:35+00:00,25972113,0x5d6613e720ff896a1f1af0aabcb1e579a81036953ddb9196cda525985b46f792,2877186.4524433445,109589.0,-4505.580004459337,-534008.7737783277
2026-09-15T00:45:35+00:00,25979362,0xb3cb90421a95b3ccd2b9f606f8d6e8cb759e3821b36d6a0723a8d3c56c7ad4fd,2978682.7518316223,109589.0,-4046.3503058609936,-538055.1240841887
2026-09-16T00:55:35+00:00,25986584,0x263175d3c6d2472ecd664c0594c6ac5743b223abf8c0abaf03f051d84c5125fc,3082919.3009874127,109589.0,-2676.2254221048584,-540731.3495062935
2026-09-17T00:55:35+00:00,25993758,0x28227a4bcda4fec286c818616f13aaa382e52dae51977cf1dcd8a1e3bb20d07c,3182555.677363832,109589.0,-4976.311811790564,-545707.6613180841
2026-09-18T00:05:35+00:00,26000678,0xbf0e9d016f607f6495a5689ff36e55fba646f86c4043be202798e56169079d2f,3284407.9118308774,109589.0,-3868.3827664770665,-549576.0440845612
2026-09-19T00:00:35+00:00,26007838,0x7bc4d69ce8cde7dd81f48327d8e7fd1738500b364fe173cb6280d37abccd033c,3387931.06807946,109589.0,-3032.921875708965,-552608.9659602701
2026-09-20T00:20:35+00:00,26015098,0x5a8a540a3e56a526a77018b1c8ad146b86be60b5f00fbfe341ab9338cf47a2de,3497276.629781748,109589.0,-121.71914885560163,-552730.6851091258
2026-09-21T00:25:47+00:00,26022296,0x89c2a140867ee1794c5a29e0b011035d0debd113503f4e7bb024c8901d070ebf,3602980.339766675,109589.0,-1942.6450075366647,-554673.3301166624
2026-09-22T00:30:35+00:00,26029468,0x5607299ab1e7b02d927d582756794bd890227d4c71fee7b845a9014a6f70140e,3714548.8756558797,109589.0,989.7679446025016,-553683.56217206
2026-09-23T00:30:47+00:00,26036617,0x405c3c8f9e3c02cf423420c1b3f0d5b122c91345e1e3697e12eef534851f80c6,3826202.3157064496,109589.0,1032.2200252846378,-552651.3421467753
2026-09-24T00:25:35+00:00,26043738,0xcc8e60653efdc65bd98738e30f4cdbd55557dc4b4df42eb89d3362c431ae3153,3939840.184385158,109589.0,2024.4343393542968,-550626.907807421
2026-09-25T00:20:35+00:00,26050849,0xf68edf669f7eae4fafa409352b8f86f8bf5277af441859b89bb1ca8e54181a3d,4049338.8233167776,109589.0,-45.180534190344225,-550672.0883416114
2026-09-26T00:35:35+00:00,26058081,0x1897fd2849dc54ab700e37ea4a99d8df9f1303b8afa96384f9fb86e995286b8d,4163982.2456104243,109589.0,2527.211146823499,-548144.8771947878
2026-09-27T00:45:35+00:00,26065296,0x60a1abedad9078369ef0f16fe35d64552ef8ecb6d733e4f48538dfff7166c38d,4272882.602238569,109589.0,-344.3216859275508,-548489.1988807154
2026-09-28T00:35:35+00:00,26072398,0x1dd75d32a4be01461b8c0066766ca19bd3c8c41b3b7cf62f008d970abcf6540a,4381599.992294344,109589.0,-435.80497211280965,-548925.0038528282
