window_start,scenario,buys_2024,buys_2025,buys_2026ytd,total,end_budget,days_bought
2024-01-01,Current NEST 40M/50%,5714961,885577,187773,6788311,-2841933,368
2024-01-01,Current + floor0,5848849,2636708,368057,8853614,0,513
2024-01-01,Fixed 35M/50%,8221810,3248519,570517,12040846,-1286249,577
2024-01-01,Fixed 30M/100% (proposal),10050000,10000000,9950000,30000000,5125634,612
2024-01-01,Fixed 30M/100% + floor0,10050000,10000000,9950000,30000000,5125634,612
2024-01-01,OPEX-link 75% + floor0,2968325,2109106,2275985,7353416,0,439
2024-01-01,OPEX-link 100% + floor0,3957239,2791321,3034128,9782688,0,444
2024-01-01,OPEX-link 100% f0 + 20% cut,10050000,7614945,5558181,23223126,0,679
2024-01-01,Profit-share 50% zero-deficit,2227560,1178524,1124607,4530691,0,390
2024-01-01,Profit-share 50% + 20% cut,5565922,3278454,2283146,11127522,0,651
2025-01-01,Current NEST 40M/50%,0,885577,187773,1073350,-2841933,84
2025-01-01,Current + floor0,0,2636708,368057,3004765,0,208
2025-01-01,Fixed 35M/50%,0,3248519,570517,3819036,-1286249,213
2025-01-01,Fixed 30M/100% (proposal),0,10000000,4012074,14012074,-343758,361
2025-01-01,Fixed 30M/100% + floor0,0,10000000,5280804,15280804,0,429
2025-01-01,OPEX-link 75% + floor0,0,2109106,2275985,4385091,0,281
2025-01-01,OPEX-link 100% + floor0,0,2791321,3034128,5825449,0,283
2025-01-01,OPEX-link 100% f0 + 20% cut,0,7266510,5558181,12824691,0,404
2025-01-01,Profit-share 50% zero-deficit,0,1178524,1124607,2303131,0,225
2025-01-01,Profit-share 50% + 20% cut,0,3278454,2283146,5561600,0,363
