window_start,scenario,buys_2024,buys_2025,buys_2026ytd,total,end_budget,days_bought,first_buy
2024-01-01,Current NEST 40M/50%,5714961,885577,187773,6788311,-2833920,368,2024-01-04
2024-01-01,Current + floor0,5848849,2636708,376737,8862294,0,517,2024-01-04
2024-01-01,Fixed 35M/50%,8221810,3248519,570517,12040846,-1223442,577,2024-01-01
2024-01-01,Fixed 30M/100% (proposal),10050000,10000000,9950000,30000000,5360838,612,2024-01-01
2024-01-01,Fixed 30M/100% + floor0,10050000,10000000,9950000,30000000,5360838,612,2024-01-01
2024-01-01,OPEX-link 75% + floor0,2968325,2109106,2275985,7353416,0,439,2024-01-04
2024-01-01,OPEX-link 100% + floor0,3957239,2791321,3034128,9782688,0,444,2024-01-04
2024-01-01,OPEX-link 100% f0 + 20% cut,10050000,7614945,5638049,23302994,0,687,2024-01-04
2024-01-01,Profit-share 50% zero-deficit,2227560,1178524,1124607,4530691,0,390,2024-01-04
2024-01-01,Profit-share 50% + 20% cut,5565922,3278454,2295935,11140311,0,656,2024-01-04
2025-01-01,Current NEST 40M/50%,0,885577,187773,1073350,-2833920,84,2025-01-01
2025-01-01,Current + floor0,0,2636708,376737,3013445,0,212,2025-01-01
2025-01-01,Fixed 35M/50%,0,3248519,570517,3819036,-1223442,213,2025-01-01
2025-01-01,Fixed 30M/100% (proposal),0,10000000,4012074,14012074,-108555,361,2025-01-01
2025-01-01,Fixed 30M/100% + floor0,0,10000000,5516007,15516007,0,437,2025-01-01
2025-01-01,OPEX-link 75% + floor0,0,2109106,2275985,4385091,0,281,2025-01-01
2025-01-01,OPEX-link 100% + floor0,0,2791321,3034128,5825449,0,283,2025-01-01
2025-01-01,OPEX-link 100% f0 + 20% cut,0,7266510,5638049,12904559,0,412,2025-01-01
2025-01-01,Profit-share 50% zero-deficit,0,1178524,1124607,2303131,0,225,2025-01-01
2025-01-01,Profit-share 50% + 20% cut,0,3278454,2295935,5574389,0,368,2025-01-01
