rule,buys_2025,buys_2026ytd,end_budget,days_bought
fix40/50%/nofloor,903901,213754,-2789119,89
fix40/50%/floor30d,917106,213754,-1643836,90
fix40/50%/floor0,2701231,373438,0,214
fix40/75%/nofloor,1355852,320631,-4183678,90
fix40/75%/floor30d,1372564,320631,-2465753,91
fix40/75%/floor0,4048752,560157,0,215
fix40/100%/nofloor,1807803,427138,-5577868,92
fix40/100%/floor30d,1817095,427138,-3287671,93
fix40/100%/floor0,5383622,743717,0,217
fix35/50%/nofloor,3282648,571399,-1224140,216
fix35/50%/floor30d,3282648,571399,-1224140,216
fix35/50%/floor0,4155761,765785,0,344
fix35/75%/nofloor,4923972,857099,-1836210,216
fix35/75%/floor30d,4923972,857099,-1836210,216
fix35/75%/floor0,6233641,1148678,0,344
fix35/100%/nofloor,6565296,1142798,-2448281,216
fix35/100%/floor30d,6565296,1142798,-2448281,216
fix35/100%/floor0,8296100,1522812,0,345
fix30/50%/nofloor,5782648,1311332,-162703,389
fix30/50%/floor30d,5782648,1311332,-162703,389
fix30/50%/floor0,6140752,1622581,0,477
fix30/75%/nofloor,8673972,1966998,-244055,389
fix30/75%/floor30d,8673972,1966998,-244055,389
fix30/75%/floor0,9201788,2433872,0,477
fix30/100%/nofloor,10000000,4187960,-325407,367
fix30/100%/floor30d,10000000,4187960,-325407,367
fix30/100%/floor0,10000000,5483571,0,440
opex/50%/nofloor,425625,0,-4018458,34
opex/50%/floor30d,425625,0,-1544660,34
opex/50%/floor0,1465907,508863,0,197
opex/75%/nofloor,627840,0,-6017089,35
opex/75%/floor30d,627840,0,-2316989,35
opex/75%/floor0,2188264,763294,0,198
opex/100%/nofloor,813709,0,-7999375,36
opex/100%/floor30d,813709,0,-3089319,36
opex/100%/floor0,2892197,1008634,0,199
